Sector,Year,Name,Jammu and Kashmir,Himachal Pradesh,Punjab,Chandigarh,Uttaranchal,Haryana,Delhi,Rajasthan,Uttar Pradesh,Bihar,Sikkim,Arunachal Pradesh,Nagaland,Manipur,Mizoram,Tripura,Meghalaya,Assam,West Bengal,Jharkhand,Orissa,Chattisgarh,Madhya Pradesh,Gujarat,Daman and Diu,Dadra and Nagar Haveli,Maharashtra,Andhra Pradesh,Karnataka,Goa,Lakshwadeep,Kerala,Tamil Nadu,Pondicherry,Andaman and Nicobar,Telangana
Rural,2011,January,106,106,105,105,105,107,105,106,106,105,105,108,103,102,108,108,109,105,108,109,109,108,106,108,104,108,108,108,108,106,105,109,109,110,105,NA
Urban,2011,January,104,104,104,104,103,104,104,104,104,104,103,NA,103,104,104,105,104,104,104,105,105,105,104,104,103,104,104,104,104,103,103,107,105,106,105,NA
Rural+Urban,2011,January,105,105,105,104,104,106,104,105,105,105,104,108,103,103,106,107,108,105,107,107,108,107,105,106,104,107,105,107,106,105,104,108,107,107,105,NA
Rural,2011,February,105,105,105,103,105,107,103,106,105,105,104,108,102,102,109,108,107,106,108,107,106,106,106,107,104,106,107,106,108,105,105,109,108,108,104,NA
Urban,2011,February,104,103,103,103,103,104,103,103,103,104,102,NA,103,104,104,105,104,103,104,104,105,104,103,104,103,104,103,103,104,103,102,107,104,105,105,NA
Rural+Urban,2011,February,105,104,104,103,104,106,103,105,105,105,104,108,103,103,106,107,106,105,107,106,106,105,105,105,104,106,105,105,106,104,103,108,106,106,104,NA
Rural,2011,March,107,105,105,102,103,108,103,106,106,106,103,108,103,102,110,109,114,106,109,107,107,106,107,108,104,105,107,106,108,106,105,109,108,107,103,NA
Urban,2011,March,104,103,104,103,103,104,103,103,104,104,103,NA,103,104,104,105,104,104,104,105,105,104,104,104,104,104,104,103,104,103,104,107,104,104,106,NA
Rural+Urban,2011,March,106,104,104,103,103,106,103,105,106,105,103,108,103,103,107,107,111,106,107,106,106,105,106,106,104,105,105,105,106,104,104,108,105,105,104,NA
Rural,2011,April,107.2,105.2,105.2,103.4,104.3,108.7,102.9,105.9,107,105.7,104,108.9,103.8,102.1,111.1,108.8,113.3,107.9,110,107.7,107.4,106.2,107.5,109.2,105,105.8,108.3,106.1,109.3,107,105.4,109.6,107.5,107.8,103.4,NA
Urban,2011,April,105.5,104.3,104.5,103.9,103.9,105,104,103.8,104.5,104.1,103.4,NA,102.9,103.8,105.8,105,104.8,103.8,104.8,104.9,105,103.9,104.1,105.4,104.1,105.8,104.7,103.1,104.8,103.9,108.6,107.1,103.9,104.7,106.8,NA
Rural+Urban,2011,April,106.6,105,104.9,103.9,104.2,107.3,104,105.1,106.2,105.4,103.9,108.9,103.4,102.7,108.3,107.8,111.1,107.1,107.7,106.8,106.8,105.4,106.1,107.1,104.7,105.8,106,104.9,107,105.4,107.1,108.8,105.5,105.5,105.1,NA
Rural,2011,May,108.9,105.7,105.8,104.3,104.9,109.2,103.3,106.8,108.2,107.1,104.6,111.6,104.3,102,111.8,108.2,113,109.5,111.5,107.9,108.7,106.9,108.6,110.9,106,107.2,109.8,107.4,109.8,107.1,105.8,110.7,108.9,107.3,104.4,NA
Urban,2011,May,105.8,104.8,105.3,104.6,105.3,105.5,104.1,104.5,104.9,104.6,103.7,NA,103.8,104.1,107.3,105.3,105.6,104.6,105.2,105.1,105.8,104.3,104.8,106,105.5,106.2,105.2,103.6,105.4,104.3,110.9,107.9,104.6,105.2,107.9,NA
Rural+Urban,2011,May,107.76,105.54,105.56,104.59,105.04,107.83,104.07,105.96,107.16,106.68,104.43,111.6,104.1,102.68,109.39,107.41,111.12,108.58,108.76,106.96,107.97,106.04,107,108.22,105.82,106.93,106.89,105.88,107.52,105.65,108.57,109.79,106.47,105.73,106.11,NA
Rural,2011,June,108.8,107,106.5,104.1,105.7,110.7,104.3,107.9,109.5,108.2,106.8,110.9,105.4,102.2,112.9,109.8,113.5,111.4,113.3,109,109.9,107.3,109.5,112.4,106.3,108,110.5,108.6,111,109,105.6,111.9,110.5,107.9,107,NA
Urban,2011,June,109,107.3,107.4,107.6,107.1,107.5,106,106.3,106.8,107.4,106.7,NA,105.6,106,109.4,107.2,107.1,106.9,107,107.2,108.8,107.1,106.6,108.1,107.1,106.9,107.3,106,109,106.9,112.1,110.6,106.9,107.5,109.3,NA
Rural+Urban,2011,June,108.9,107.1,106.9,107.4,106.2,109.5,105.9,107.3,108.6,108.1,106.8,110.9,105.5,103.4,111,109.1,111.9,110.6,110.6,108.4,109.6,107.2,108.3,110,106.6,107.7,108.5,107.6,110,107.9,109.1,111.5,108.5,107.6,108.1,NA
Rural,2011,July,109.6,107.8,108.3,106,108.3,111.6,106.8,109.9,111.4,110.7,108.5,112.9,106.1,102.1,111.2,111.2,118.4,112.3,115.3,111.6,112.2,110.9,111.1,114.3,107.7,108.4,112,110.8,112.7,111.2,109.5,112.6,111.3,110.7,107.9,NA
Urban,2011,July,110.3,108.4,109.1,109.4,108.7,109.2,107.5,108.2,108.9,110,109.4,NA,106.5,107.3,111.2,108.2,108.7,109,108.6,110.2,110.1,109,108.3,110,108.6,108.2,108.8,107.8,110.5,107.4,113.2,111.2,107.9,108.6,111.2,NA
Rural+Urban,2011,July,109.9,107.9,108.7,109.2,108.4,110.7,107.5,109.3,110.6,110.6,108.7,112.9,106.3,103.8,111.2,110.4,115.9,111.7,112.4,111.1,111.7,110.3,109.9,111.9,108,108.3,110,109.6,111.6,109.2,111.5,112.1,109.4,109.1,109.5,NA
Rural,2011,August,111.6,109.2,109.3,108,110.2,112.5,108,110.7,112.8,112.7,109.5,114.3,107.9,106.4,110.6,111.5,120.6,114.2,118.2,113,112.8,111.6,112.6,115.7,109.4,109.8,112.7,112.1,113.9,111.1,113.9,114.8,112.2,110.6,109.1,NA
Urban,2011,August,111.1,108.7,109.5,110.2,109.7,109.5,108.6,109.3,110.1,110.8,111,NA,107.8,109.6,111.6,108.9,109.5,110,109.6,111.1,110.9,109.9,109.4,111.4,109.5,109.1,109.5,109,111.3,108.1,116.3,113.1,109,109.3,113.3,NA
Rural+Urban,2011,August,111.4,109.1,109.4,110.1,110,111.4,108.6,110.2,111.9,112.4,109.8,114.3,107.9,107.4,111.1,110.8,117.8,113.4,114.5,112.4,112.3,111,111.3,113.3,109.4,109.6,110.7,110.9,112.6,109.5,115.2,114.3,110.4,109.6,111.2,NA
Rural,2011,September,112.8,110,110,110.1,111.8,113.9,110.3,111.9,114,113.4,109.4,116.3,108.7,108.1,109.6,112.3,123.2,114.4,119.3,114.1,114.7,113.8,114.6,117.3,112.1,108.5,114.1,113.3,115.4,113,115.4,116.3,113.3,111.7,106.7,NA
Urban,2011,September,112.4,110,110.5,111.4,110.5,110,112.3,109.9,110.9,111.5,112.4,NA,108.9,112,113.1,109.5,110.2,111.1,109.9,112.1,112.3,111.2,110.6,112.9,110.4,110.3,110.9,110,112.3,110,117.5,114.4,110.1,111.2,115.3,NA
Rural+Urban,2011,September,112.7,110,110.2,111.3,111.3,112.5,112.2,111.2,113,113.1,110,116.3,108.8,109.4,111.5,111.5,119.9,113.8,115.2,113.4,114.1,112.9,112.9,114.9,111.5,109,112.1,112,113.8,111.4,116.5,115.7,111.5,111.3,110.9,NA
Rural,2011,October,113.7,111.4,111.3,111.3,113.9,114.3,111.8,112.7,114.8,114,109.7,118.2,109.2,109.8,109.9,115.6,128.2,116.3,119.3,114.8,115.3,113.9,116.2,118,112.2,108.9,115.4,114.1,116.2,113.1,116.5,116,114.4,113.2,108.1,NA
Urban,2011,October,113,111.1,111.7,112.7,111.5,111.1,113.2,111.4,111.8,112.6,113.5,NA,109.7,113.9,113.9,110.8,110.7,112.3,110.4,113.6,113.6,112.5,111.2,113,110.6,111.8,111.6,111.3,113.5,110.9,114.5,114.7,111.5,111.9,115.9,NA
Rural+Urban,2011,October,113.4,111.3,111.5,112.6,113,113.1,113.1,112.2,113.9,113.8,110.4,117.1,109.4,111.1,112,114.3,123.8,115.5,115.4,114.4,114.9,113.4,114.1,115.3,111.6,109.7,113,113,114.8,112,115.4,115.6,112.8,112.2,111.9,NA
Rural,2011,November,115.6,111.4,111.8,111.7,115.2,115.5,111,114,113.9,114.1,109.8,117.1,109.6,110.8,113.1,114.9,127.3,116.7,118.8,114.6,114.7,114.9,116.6,117.7,110.6,111,115.5,115.2,117,113,116.3,116.9,115.5,114.5,109.6,NA
Urban,2011,November,113.1,111.8,111.4,113.9,111.5,110.9,113.2,111.8,112.1,112.3,113.6,NA,110,113.3,114.6,111.6,111,112.3,110,113.4,113.8,113.2,111.9,113.2,111,112.4,112.3,112.2,114.4,111.5,115.1,116,113,112.9,115.9,NA
Rural+Urban,2011,November,114.7,111.5,111.6,113.8,113.9,113.8,113.1,113.2,113.3,113.8,110.5,117.1,109.8,111.6,113.9,114,123.2,115.9,115,114.2,114.5,114.3,114.6,115.2,110.7,111.4,113.5,114,115.7,112.2,115.6,116.6,114.1,113.3,112.7,NA
Rural,2011,December,115.8,111,111.1,111.1,114.2,114.1,110.6,114.2,113.2,112.1,109.1,116.4,110.2,109.4,111,112.3,133,115.3,116.1,114.4,113.5,113.6,116.1,117.4,109.8,110.3,115.6,113.9,116.1,113.6,114.3,116.1,115.9,114.6,110.6,NA
Urban,2011,December,113,112.2,111.7,113.5,110.7,111.2,112.6,111.3,111.3,112.4,113.2,NA,110.6,112.6,115.2,110.8,110.7,112.2,109.8,112.1,112.9,112.4,111.8,112.9,111.7,111.6,112.1,111.9,115,111.7,114.7,116.1,114.3,113.2,115.4,NA
Rural+Urban,2011,December,114.8,111.2,111.4,113.4,112.9,113,112.5,113.1,112.6,112.1,109.9,116.4,110.4,110.4,113.3,111.9,127.3,114.7,113.4,113.6,113.3,113.2,114.3,114.9,110.5,110.7,113.4,113.2,115.5,112.6,114.5,116.1,115,113.6,112.9,NA
Rural,2012,January,116.6,111.1,111.3,111.2,114.4,114.2,111.7,115.6,113.5,112.7,109,117.3,109.8,110.1,110.5,114.6,133.4,115.4,117.1,114.6,112.9,112.6,116.4,118.8,110,106.7,115.4,113.8,117.1,113.3,113.6,116,117,115.9,112.4,NA
Urban,2012,January,114,112.9,112.2,114.3,111.1,111.6,113.1,112,111.8,112.7,112.6,NA,110.8,112.4,116,111.7,111.2,112.4,111,111.9,113.1,112.4,111.9,113.4,113,112.9,112.3,112.6,115.7,112.2,114.7,116.3,114.8,114.6,116.5,NA
Rural+Urban,2012,January,115.6,111.4,111.7,114.2,113.2,113.2,113,114.3,113,112.7,109.7,117.3,110.2,110.8,113.5,113.8,127.8,114.8,114.4,113.7,113,112.5,114.5,115.8,111.1,108.4,113.4,113.3,116.4,112.7,114.2,116.1,115.8,114.9,114.4,NA
Rural,2012,February,117.1,111.2,111.8,112.4,114.3,115.3,112.6,116.2,114.2,112.7,109.7,117.2,110,109.9,111.7,114.9,130.1,116.1,118,115.2,113.4,112.6,116.6,119.3,110.8,107.8,114.9,114.1,117.7,113.6,114.1,116.6,117.3,115.9,111.3,NA
Urban,2012,February,114.1,113.2,112.9,114.8,112,112.1,113.4,112.7,112.6,112.9,113.4,NA,111.4,112.1,116.7,112.7,111,113,112.4,113,114,112.7,112.4,114.3,113.4,113.9,112.8,113.3,116.5,112.6,115.2,116.6,115.4,115.3,116,NA
Rural+Urban,2012,February,116,111.6,112.3,114.7,113.5,114.1,113.4,114.9,113.7,112.7,110.4,117.2,110.6,110.6,114.4,114.3,125.2,115.5,115.6,114.5,113.6,112.6,114.8,116.6,111.8,109.5,113.6,113.8,117.1,113.1,114.7,116.6,116.2,115.5,113.6,NA
Rural,2012,March,118.3,111.8,112.5,113.3,115.2,115.6,113.6,117.4,115.4,113.8,110.1,117.8,111.1,108.8,112.1,115,134.3,116.1,118.7,116.3,114.8,114.1,117.4,120,111.6,108,115.8,113.7,118.5,113.3,114.8,116.8,118.2,117.4,112.2,NA
Urban,2012,March,115.1,114,114,116.1,113,113.2,114.9,114.2,114.2,113.9,115.4,NA,111.8,112.3,117,114.2,112.2,113.9,113.3,113.5,114.9,112.9,113.3,115.8,114.3,115.4,113.9,114.5,117.1,113.3,116.4,116.9,116.2,116.3,116.6,NA
Rural+Urban,2012,March,117.1,112.2,113.2,116,114.4,114.7,114.9,116.2,115,113.8,111.1,117.8,111.4,109.9,114.7,114.8,128.7,115.7,116.3,115.4,114.8,113.7,115.7,117.7,112.6,110,114.6,114,117.8,113.3,115.7,116.8,117.1,116.6,114.4,NA
Rural,2012,April,119.2,113.4,114,113.6,117.1,116.9,115.5,118.9,117.2,116.2,109.8,119.3,111.7,108.1,112.7,114.8,136,118.4,120.7,117.8,116.7,114.8,118.9,122.2,112.1,107.9,118.1,115.6,119.8,113.6,115.5,117.5,119.8,117.2,112.7,NA
Urban,2012,April,116.8,116.1,115.4,117.1,114.6,115,116.2,115.7,115.7,115.2,117.3,NA,112.3,112.6,119.2,115.3,113.1,115.1,115.2,115.1,116.3,114.1,114.3,117.4,115.5,117.2,115.1,116,118.4,113.1,118,118.4,118.1,116.7,118,NA
Rural+Urban,2012,April,118.3,113.9,114.7,116.9,116.2,116.2,116.2,117.7,116.7,116,111.2,119.3,111.9,109.6,116.2,114.9,130.2,117.8,118.3,116.9,116.6,114.6,117,119.6,113.3,110.5,116.2,115.8,119.1,113.3,116.9,117.8,118.8,116.8,115.3,NA
Rural,2012,May,118.9,115.5,115,114.8,118.6,118.4,116,119.8,118.7,117.5,111.5,121.3,112.3,108,116,114.3,136.8,120.4,122.6,119,118.7,116.9,119.7,123.2,113.3,107.4,119.2,116.8,121.1,114.6,114.2,118.2,120.3,118.3,112.6,NA
Urban,2012,May,117,116.9,115.9,119,115.5,115.4,117.3,116,116.8,116.4,119,NA,113.9,113.3,119.9,116.3,114.7,116.2,116.5,116.3,118.5,115.8,115.2,118.6,115.9,118.6,116.4,116.8,119.1,113.7,118.6,119.5,119.3,117.4,119.8,NA
Rural+Urban,2012,May,118.2,115.8,115.4,118.8,117.5,117.3,117.3,118.4,118.1,117.3,112.9,121.3,112.9,109.7,118.1,114.8,131.2,119.6,119.9,118.1,118.6,116.5,117.8,120.7,114.3,110.5,117.4,116.8,120.1,114.1,116.6,118.6,119.7,117.6,116.1,NA
Rural,2012,June,119.4,116.7,115.6,114.6,119.5,119.3,116.8,120.6,120.4,119,112.8,123.1,113.4,108.4,117.6,114.2,135.5,121,124.9,121.5,121.2,118.5,121.1,123.7,113.6,107.7,120.2,118.6,122.6,116.7,115.7,119.2,121.7,120,113.7,NA
Urban,2012,June,117.9,118.5,117,120.6,116.8,116.9,118.6,117.1,118.1,118.5,120.1,NA,114.5,114.4,120.8,116.9,115.5,117.3,118.6,119,120.7,116.9,116.9,119.3,116.8,118.6,117.3,118.9,120.5,114.5,121.4,120.3,121.2,118.8,121.5,NA
Rural+Urban,2012,June,118.8,117,116.3,120.3,118.5,118.4,118.5,119.3,119.7,118.9,114.2,123.1,113.8,110.4,119.3,114.9,130.4,120.3,122.2,120.7,121.1,118,119.3,121.3,114.8,110.7,118.4,118.7,121.5,115.6,118.8,119.6,121.4,119.1,117.5,NA
Rural,2012,July,120.7,118.6,117.3,114.3,121.3,120.9,122.2,123.5,122.8,121.4,114.6,125.3,113.8,110,121.1,116.5,134.3,122.9,126.6,123.2,123.3,122.8,122.9,124.9,115,109.1,122.4,121.2,123.9,116.3,117.2,120.2,124.2,122,113.5,NA
Urban,2012,July,119.4,119.2,118.3,122.2,118.8,118.4,120.7,119.1,120.3,120.6,123,NA,115.4,115.3,122.1,117.6,116,118.5,119.1,120.7,122.7,119.2,119.6,120.3,117.9,120.1,118.4,119.8,121.7,115.4,121.7,121.1,122.6,120,120.2,NA
Rural+Urban,2012,July,120.2,118.7,117.8,121.8,120.4,120,120.8,121.9,122,121.3,116.2,125.3,114.4,111.7,121.6,116.8,129.7,122.1,123.3,122.4,123.1,121.6,121.5,122.4,116.1,112.1,119.9,120.6,122.8,115.8,119.6,120.5,123.3,120.5,116.8,NA
Rural,2012,August,121.8,119.1,119.9,115.9,122.5,122,123.5,125.2,125.7,122.8,115.1,127.3,114.7,110.9,121.6,117.1,134.5,123.2,128.5,125.1,124.3,124.5,125.3,126.4,115.5,110.1,123.8,121.9,125,118,117.8,121.5,125.1,123.2,115.3,NA
Urban,2012,August,120.7,120.7,120,123.3,120.3,119.8,121.1,120.7,121.8,121.5,123.8,NA,116.2,115.9,122.1,118.7,116.9,119.3,120,121.8,124,120.8,121.7,121.5,117.8,120.2,119.6,120.9,122.7,116.2,123.8,122.3,123.7,120.5,120.6,NA
Rural+Urban,2012,August,121.4,119.4,119.9,123,121.7,121.2,121.2,123.6,124.5,122.6,116.7,127.3,115.3,112.5,121.9,117.5,130,122.5,124.8,124,124.2,123.3,123.8,123.7,116.3,112.9,121.1,121.5,123.8,117.1,121.1,121.8,124.3,121.2,117.9,NA
Rural,2012,September,122.1,120.2,120.8,117.3,124.5,122.7,122.6,127.1,127.2,124.4,117.1,129.3,114.8,110.8,122.6,115.7,135,124.1,130.1,127.7,124.1,124.3,126.3,127.1,117.5,110,125.3,123.4,126.9,118.8,118.6,122.3,126.5,122.7,115.8,NA
Urban,2012,September,121.8,121.2,120.5,123.9,120.8,119.6,122,121.2,122.4,122.7,125.2,NA,117.2,117.4,122.2,119.3,117.7,120,121.1,121.6,123.7,121.9,122.1,121.7,117.7,120.1,120.8,121.7,123.5,116.9,124.1,123.5,124.6,121.1,123.2,NA
Rural+Urban,2012,September,122,120.4,120.7,123.6,123.2,121.6,122,125,125.7,124.1,118.6,129.3,115.8,113,122.4,116.7,130.6,123.3,126.2,125.7,124,123.5,124.5,124.1,117.6,112.8,122.5,122.7,125.1,117.8,121.6,122.7,125.4,121.5,119.4,NA
Rural,2012,October,123.9,121.1,121.9,118.3,125.1,123.3,123.6,128.3,128.3,126,120,131.6,116.5,110.6,124.9,116.6,136.4,126.4,131.1,129.9,124.2,123.7,127.1,127.5,119.8,110.7,126.1,124.7,128.2,118.7,119.9,123.3,127.6,123.9,116.6,NA
Urban,2012,October,122.4,122,121.1,124.1,120.9,119.8,122.1,121.6,122.8,123.3,126.6,NA,118.3,118.5,123.2,120.7,118.6,122.4,121.7,122.3,124.6,123,122.2,122.4,118.4,121.1,121.8,123,124.3,117.6,122.6,124.3,125.4,121.6,124.5,NA
Rural+Urban,2012,October,122,120.4,120.7,123.6,123.2,121.6,122,125,125.7,124.1,118.6,129.3,115.8,113,122.4,116.7,130.6,123.3,126.2,125.7,124,123.5,124.5,124.1,117.6,112.8,122.5,122.7,125.1,117.8,121.6,122.7,125.4,121.5,119.4,NA
Rural,2012,November,124.1,121,121.9,117.3,124.1,124.1,123.1,128.1,128,126.1,119.8,132.1,116.7,111,126.1,117.5,137.2,126.1,131.3,130.2,124.6,124.8,127.7,128.1,119.8,110.6,126.3,125.6,128.6,119.8,118.5,124.7,128.6,125.2,117.3,NA
Urban,2012,November,122.8,122.3,122.4,124.4,121.6,120.2,123.3,122.7,123.6,123.8,127.4,NA,118.7,119.2,123.9,121.6,118.9,123.1,121.9,124,125.8,123.6,122.6,122.9,119.5,119.9,122.5,124.2,125.1,118.4,119.8,125.9,126.7,122.5,126.3,NA
Rural+Urban,2012,November,123.6,121.2,122.1,124.1,123.2,122.7,123.3,126.1,126.6,125.7,121.2,132.1,117.5,113.7,124.9,118.6,132.6,125.5,127.2,128.1,124.9,124.4,125.6,125.3,119.7,113.2,123.9,125,126.8,119.1,119.2,125.1,127.5,123.2,121.7,NA
Rural,2012,December,124.8,121.7,121.6,119.2,123.8,123.3,122.1,127.6,127.2,125.7,120.2,132,117.2,110.5,124.2,116.5,139.8,125.5,131.5,129.1,124.4,122.7,127.5,128.1,121,110.4,126.3,126.2,128.8,120.2,118.2,125.9,129.3,125.4,118.3,NA
Urban,2012,December,123.7,122.9,122.6,125.3,121.6,120.9,123.3,122.7,123.4,124.2,128.4,NA,119.2,119.7,124.2,122.3,119.4,123.3,123.1,123.4,126,123.8,123.1,123.1,120.4,119.3,123,125.3,126.4,118.9,119.8,127.1,127.7,123.3,126.5,NA
Rural+Urban,2012,December,124.4,121.9,122.1,125,123,122.4,123.3,125.8,126,125.5,121.7,132,118,113.5,124.2,118.1,134.6,125.1,127.8,127.2,124.8,123.1,125.6,125.4,120.8,112.8,124.2,125.8,127.6,119.5,119.1,126.3,128.4,123.8,122.3,NA
Rural,2013,January,126.4,123.1,122.1,119.4,125.3,124.3,122.8,128.4,127.5,126.4,120.2,132.6,118.1,111.8,125.2,116.9,140.8,126.1,130.8,129.5,124.6,123.3,128,128.7,122.2,111.3,126.8,126.6,129.9,121.3,117.8,127.4,130.5,127,118.5,NA
Urban,2013,January,124.6,122.6,122.9,125.7,121.9,120.9,123.3,123.3,124.1,125,128.8,NA,118.9,120,124.4,122.8,119.5,123.6,124.8,123.9,126.7,123.9,123.6,124.1,121.1,119.9,124,126.1,127.4,119,120.6,129.4,129,124.3,125.5,NA
Rural+Urban,2013,January,125.7,123,122.5,125.4,124.1,123,123.3,126.5,126.4,126.2,121.8,132.6,118.4,114.5,124.8,118.5,135.4,125.6,128.2,127.6,125.1,123.5,126.1,126.2,121.8,113.7,125,126.4,128.6,120.1,119.3,128,129.7,125,121.9,NA
Rural,2013,February,126.1,123.6,122.5,118.6,125.8,124.5,123.8,129.2,128.1,127.7,120.5,133.4,118.9,112.1,125.8,117.2,141.7,126.5,131.3,130.4,125.5,124.2,128.9,129.4,122.8,112.1,127.5,126.9,131.5,123.2,117.7,128.1,131.8,128.9,119.1,NA
Urban,2013,February,125.5,123,123.7,126,122.7,121.9,123.9,124.1,125.2,125.7,129.3,NA,121.1,120.6,124.6,123.6,120.5,124,125.8,124.3,127.1,124.8,124.2,125,121.8,121,124.7,128.1,129.6,120,122.7,129.6,130.1,125.8,124.3,NA
Rural+Urban,2013,February,125.9,123.5,123.1,125.7,124.7,123.5,123.9,127.3,127.2,127.4,122.1,133.4,119.8,114.9,125.2,118.9,136.3,126,128.9,128.4,125.9,124.4,126.9,127,122.4,114.5,125.7,127.4,130.5,121.5,120.4,128.6,130.8,126.6,121.6,NA
Rural,2013,March,126.6,124,122.8,119.4,125.6,124.6,124.3,129.2,128.6,128.1,119.6,134.3,119.5,112,125,116.6,141.5,127.1,131.2,129.9,125.2,124.8,129.3,130.5,123.1,113,127.2,126.7,131.9,123.8,117.2,128.1,131.7,129.8,118.7,NA
Urban,2013,March,126.1,123.1,124.6,127,123.5,122.4,125.7,124.6,126,125.7,130.6,NA,121.8,121.1,125.9,124.3,121.2,124.9,125.5,125.4,127.4,125.1,124.8,125.7,122.5,122.1,125.4,128.3,130.2,121.1,122.2,130.1,130.9,126.1,125.1,NA
Rural+Urban,2013,March,126.4,123.8,123.7,126.7,124.8,123.8,125.6,127.5,127.8,127.7,121.6,134.3,120.4,115,125.5,118.7,136.3,126.7,128.7,128.4,125.8,124.9,127.4,127.9,122.9,115.5,126.1,127.3,131,122.4,119.9,128.7,131.2,127,121.8,NA
Rural,2013,April,127.6,124.4,123.7,121.1,125.7,125.3,125,129.7,129.1,127.6,120.2,134.6,120.1,112.8,124.7,116.7,141.3,126.6,131.7,131.1,126.1,125.3,130,131.1,124.3,113.3,127.5,127.5,133,125.2,118.4,128.5,132.2,130.6,118.8,NA
Urban,2013,April,127,123.8,125.3,127.9,124,124.3,126.5,124.9,126.7,125.2,130.9,NA,122.4,120.9,128,124.6,122.1,125.1,126.7,125.7,128.4,126,125.3,126.9,123.4,122.6,126.3,129.4,131.5,122.3,121.6,130.7,132.4,127.7,124.4,NA
Rural+Urban,2013,April,127.4,124.3,124.5,127.6,125.1,124.9,126.4,128,128.3,127.2,122.2,134.6,121,115.4,126.5,118.9,136.4,126.3,129.5,129.3,126.7,125.5,128,128.8,124,115.9,126.7,128.3,132.2,123.7,120.1,129.2,132.3,128.4,121.5,NA
Rural,2013,May,127.6,124.6,124.3,120.6,126.2,126.1,126.5,130.7,130.1,128.4,120.4,136.1,120.9,113.8,127.5,117.3,142.9,127.7,132.1,132,128.1,125.8,131.5,132.4,125.9,114.7,128.7,128.9,134.9,126.4,119.8,129.4,133.8,132.5,120.4,NA
Urban,2013,May,127.4,124.7,125.7,128.1,123.8,125,127,125.5,127.6,125.8,131.6,NA,122.6,121.8,129.8,125.1,122.1,125.6,127.9,125.9,130.1,127.3,126.1,128.2,123.9,124.1,127.3,131,133,122.9,122.9,132.1,134,130.3,128,NA
Rural+Urban,2013,May,127.5,124.6,125,127.8,125.3,125.7,127,128.8,129.3,128,122.5,136.1,121.6,116.4,128.7,119.4,137.6,127.3,130.3,130,128.6,126.3,129.2,130.1,125.2,117.3,127.8,129.7,133.9,124.6,121.5,130.3,133.9,130.9,124.1,NA
Rural,2013,June,129.2,126.7,124.7,121.9,127.8,127.5,128.9,132.6,131.8,131.2,122,137.7,123.1,114.3,128.1,118.6,144.2,130.5,134.9,134.3,130.9,130.2,133.4,134.2,127,117.7,131.2,132.1,137.1,128.9,119.6,132.1,136.3,133.8,121.8,NA
Urban,2013,June,129.2,126.6,127.5,130.7,125.3,126.6,128.6,126.8,129.2,127.9,134.4,NA,125.3,122.9,130.7,126.9,122.8,127.2,129.8,128.4,132.4,129.3,128.2,129.9,124.6,125.4,129.5,134,135.7,124.7,126.9,134.8,136,132.8,132,NA
Rural+Urban,2013,June,129.2,126.7,126,130.3,126.9,127.2,128.6,130.5,131,130.7,124.3,137.7,124,117.1,129.4,120.9,138.8,129.9,132.7,132.3,131.3,129.9,131.2,131.8,126.1,119.8,130.1,132.9,136.4,126.7,123.6,133,136.1,133.1,126.8,NA
Rural,2013,July,130,128.4,126.2,125.1,130.1,130.1,132.5,134,133.7,133.6,123.4,140,124.9,114.4,129.9,119.9,145.3,131.9,136.2,136.4,132.9,133.7,135,136.1,129.7,117.9,132.8,133.7,138.2,131.3,122.7,133.6,137.3,134.3,122.2,NA
Urban,2013,July,131.4,127.8,129.5,133.4,127.9,128.6,131.7,129.4,132.4,130.6,136.7,NA,126.8,124.6,131.5,129.1,124.1,128.7,130.9,131.1,134.2,132.7,130.8,131.3,126.4,129.1,130.5,134.3,137,126.2,129.4,135.9,136.2,134.1,132.1,NA
Rural+Urban,2013,July,130.5,128.3,127.8,133,129.3,129.5,131.7,132.3,133.3,133.1,125.9,140,125.7,117.7,130.8,122.4,139.9,131.3,133.9,134.6,133.2,133.4,133.2,133.5,128.5,121,131.3,133.9,137.6,128.7,126.3,134.3,136.7,134.2,127,NA
Rural,2013,August,131.2,130,128.2,126,131.6,132.1,134.9,135.2,135.5,135.8,123.5,141.6,125.8,114.8,129.6,120.7,145.5,134.3,138.3,138.8,133.7,135.4,136.9,138.1,130.9,119.4,134.4,135.4,138.9,133.9,124.5,134.8,138,136.6,123.6,NA
Urban,2013,August,133.2,129.5,131.1,134.5,129.2,129.4,134,130.8,133.6,132.3,137.9,NA,127.8,126.4,131.8,130.6,125.3,130.5,132.5,132,134.8,134,132.7,132.6,129.1,130.8,132.1,135.9,138.2,128.1,127.4,137.4,137,135.4,133.3,NA
Rural+Urban,2013,August,131.9,129.9,129.6,134.1,130.7,131.1,134,133.6,134.9,135.2,126.2,141.6,126.6,118.6,130.8,123.4,140.4,133.6,135.8,136.5,134,134.9,135.1,135.1,130.2,122.5,132.9,135.6,138.5,130.9,126.1,135.6,137.4,135.7,128.3,NA
Rural,2013,September ,134.7,132.6,130.8,129,134.3,135.1,135.9,137.9,137.8,138.9,125.7,142.7,126.1,114.9,131.2,128.1,148.2,136.9,141.9,141.9,135.4,138.8,139.2,139.8,132.5,121.1,135.7,137.5,141.4,137.3,126,136.6,139.1,139.1,122.4,NA
Urban,2013,September ,134.2,130.2,131.8,135.3,129.4,129.6,135.1,131,134.1,133.1,138.1,NA,130.2,128,133.6,134.7,126.4,132.7,133.7,132.5,135.4,133.9,133.4,132.1,128.1,128.8,132.3,135.8,138.8,128.7,127.6,138.1,137.4,135.7,133.3,NA
Rural+Urban,2013,September ,134.5,132.2,131.3,135,132.5,133.1,135.1,135.4,136.6,137.9,128,142.7,127.8,119.2,132.5,129.9,142.7,136.1,138.3,138.7,135.4,137.2,136.8,135.6,130.9,123.2,133.6,136.8,140.1,132.8,126.9,137.1,138.1,136.6,127.7,NA
Rural,2013,October,136.4,133.8,132.2,130.8,134.9,136.4,137.3,138.9,139.3,141.5,126.8,143.9,128.5,115.7,135.4,134.7,151.2,140,145,144.8,137.8,142,141.1,141.6,133.6,125.4,137,137.9,141.7,138,127.3,137.4,140.6,140.5,124.2,NA
Urban,2013,October,135.1,131.9,132.4,136.6,130.1,130.9,135.8,131.9,135.5,134.7,139.3,NA,131,129.9,134.3,137.7,126.9,134.4,135.8,134.9,137.1,135,134.4,134.3,129.8,130.5,133,136.2,139.5,128.8,128.7,139.1,137.9,135.8,134.2,NA
Rural+Urban,2013,October,135.9,133.5,132.3,136.3,133.2,134.4,135.9,136.4,138.1,140.4,129.1,143.9,129.5,120.3,134.8,135.5,145,138.9,141,141.5,137.6,139.7,138.3,137.6,132.2,126.8,134.5,137.2,140.6,133.2,128.1,137.9,139.1,137,129.1,NA
Rural,2013,November,137.4,136.6,134,132.4,138.4,137.6,138.4,140.6,142.4,145.6,129.4,145.7,131.1,116.3,139.1,136.3,154.1,142.5,148.5,148.1,143.2,144.2,142,143.3,134.4,126.5,138.1,139.4,142.3,140.3,127.7,138.7,141.4,143.6,126,NA
Urban,2013,November,135.9,133.6,133.1,138,131.8,132.1,138.1,134,138.1,137.7,139.9,NA,130.9,131.1,136.2,141.1,127.4,135.7,137.8,138.3,141.5,136.8,134.9,134.2,129.3,129.8,133.5,137.5,140.1,129.1,128.1,140.3,138.8,137.4,135.6,NA
Rural+Urban,2013,November ,136.8,136.1,133.6,137.7,136,135.6,138.1,138.2,141,144.3,131.3,145.7,131,121.1,137.5,137.6,147.3,141.2,143.8,144.8,142.8,141.8,139,138.3,132.5,127.4,135.2,138.6,141.2,134.5,127.9,139.2,139.9,139,130.7,NA
Rural,2013,December,136.7,135.1,131.1,131.7,137,134.5,134.4,139.5,140.7,143.3,129.7,144.1,132,115.7,141.2,135.6,155.6,140.7,146.9,144.4,140.4,142.2,140.5,141.4,134.5,123.3,137,138.6,141.1,139.8,127.4,137.9,140.6,142.9,126.5,NA
Urban,2013,December,135.5,132.6,131.7,135.8,129.2,130.7,136.1,132.2,135.9,136.2,140.2,NA,131.6,131.3,136.5,142.1,126.7,135.4,136.9,136.2,138.5,134.6,133.9,132.9,128.6,128,132.4,136.9,141.1,129.5,127.6,140.5,138.6,136.3,136.7,NA
Rural+Urban,2013,December,136.3,134.7,131.4,135.6,134.2,133.1,136,136.8,139.2,142.1,131.6,144.1,131.8,120.8,138.7,137.4,148.3,139.7,142.5,141.6,139.9,139.7,137.7,136.7,132.3,124.6,134.1,137.9,141.1,134.5,127.5,138.7,139.5,138,131.5,NA
Rural,2014,January,137.2,135.1,130.8,130.6,136.2,133.9,131.9,139.1,139.3,141.5,128.4,143.7,132.8,115.7,144.5,136.3,156.2,140.8,146,141.9,138.7,141.2,140.6,141.3,133.7,122.5,136.2,137.4,140.1,139.8,127.6,138.1,139.3,141.9,126.1,NA
Urban,2014,January,134.5,132.4,131.9,135.9,128.8,130.4,134.9,132,135.1,134.8,138.5,NA,132.4,130.6,136.8,140.4,127,134.8,137.3,135.8,138,134.5,132.8,132.3,128.7,127.3,132.1,136.5,141.2,130,127.6,141.3,138.4,136.1,134.4,NA
Rural+Urban,2014,January,136.2,134.6,131.3,135.7,133.5,132.6,134.8,136.5,138,140.4,130.3,143.7,132.6,120.6,140.4,137.4,148.8,139.7,142.2,139.9,138.5,139,137.3,136.4,131.9,123.8,133.6,137,140.7,134.7,127.6,139.1,138.8,137.6,130.2,NA
Rural,2014,February,135.7,134.8,131.2,129.8,136.4,134,132.3,139.2,139,141,127.9,145.7,132.4,115.6,146,135.6,154.8,140.4,144.3,141.1,135.6,140.9,140.4,141.2,134.3,123,136.3,137.1,140,140.6,128.7,138.7,139.8,142.4,123.5,NA
Urban,2014,February,134.6,132.8,132.3,135.9,129.2,130.6,136,132.3,135.5,134.8,139.6,NA,133.3,130.5,136.3,141.7,127.5,135,136.8,134.3,137.7,134.4,133.2,132.7,128.6,127,132.7,136.8,141.5,130.3,127.2,141.4,138.9,136.2,134.5,NA
Rural+Urban,2014,February,135.3,134.4,131.7,135.6,133.8,132.7,135.9,136.7,137.9,140,130.1,145.7,132.8,120.5,140.8,137.3,147.9,139.4,141,138.8,136.1,138.8,137.4,136.5,132.2,124.1,134,137,140.8,135.3,127.9,139.6,139.3,137.8,128.9,NA
Rural,2014,March,136.3,135.7,131.9,131,137.4,134.6,133.7,140,140.3,142.4,128.2,145.6,133.1,115.4,146.1,138.9,158,140.4,145.4,141.8,135.8,141.3,140.5,141.2,134.2,122,137,137.7,140.6,142.1,129.3,139.5,140.2,142.5,125.5,NA
Urban,2014,March,135.7,133.7,133.3,137.3,130.2,131.4,136.1,133.3,137.3,136.9,141.7,NA,134.3,130.9,136.1,143.4,129.4,136.9,136.8,135.2,137.4,134.6,134,133.4,129.2,128.4,133.7,136.8,141.9,130.7,127.1,141.9,139.2,137.1,134,NA
Rural+Urban,2014,Macrh,136.1,135.3,132.6,137,134.8,133.4,136,137.6,139.4,141.5,130.7,145.6,133.6,120.5,140.7,140.1,150.7,139.7,141.7,139.6,136.2,139.1,137.8,136.9,132.4,123.8,134.9,137.3,141.3,136.2,128.1,140.3,139.6,138.5,129.7,NA
Rural,2014,April,136.2,136.3,132.5,130.9,138.4,135.6,134.9,141.2,141.3,143.8,129.1,148.6,137.3,116.2,144.9,142.3,159.2,139.8,146.2,141.8,136.4,142.2,140.7,141.8,136,122.2,137.5,137.6,141.6,143.1,130.1,141.4,140.9,143,128,NA
Urban,2014,April,137.2,134.7,134.1,138.5,131.8,132.4,136.6,134,138.4,137.5,143.1,NA,135,131.6,136.7,144,131.1,137.9,138.4,136.4,138.9,135.2,135.1,134.9,131.8,129.6,134.8,138,143.2,131.5,128,143.6,140.7,138,133.8,NA
Rural+Urban,2014,April,136.6,136,133.3,138.2,136,134.4,136.5,138.6,140.4,142.8,131.7,148.6,136.4,121.2,140.5,142.8,152.1,139.4,142.8,140,137,139.9,138.3,138,134.5,124.2,135.8,137.8,142.4,137.1,129,142.1,140.8,139.3,130.8,NA
Rural,2014,May,136.9,136.3,133.2,131.4,138.7,136.3,134.8,141.5,142.1,144.9,129.4,148.7,137,116.2,143.9,142.4,160.8,139.8,147.2,142,139,141.3,141,142.5,136.4,121.3,138.5,138.5,142.4,143.6,130.1,142.6,142,144.7,129.6,NA
Urban,2014,May,137.9,135.4,134.4,141.3,132.3,132.9,137.4,134.5,138.9,138.9,143.6,NA,136.2,132.9,138.5,145.1,133.1,139,138.9,137.8,140.3,136.6,135.9,135.7,132.6,129.9,135.6,139,144.6,132.1,129.6,145.3,141.8,140,136,NA
Rural+Urban,2014,May,137.3,136.1,133.8,140.8,136.4,135,137.3,139,141.1,143.9,132,148.7,136.7,121.6,141,143.1,153.8,139.6,143.6,140.6,139.3,139.8,138.9,138.8,135,123.7,136.7,138.7,143.5,137.6,129.8,143.5,141.9,141.2,132.7,NA
Rural,2014,June,138.8,137,134.4,131.2,139.3,137.8,135.6,142.9,142.8,146.1,130.5,149.7,140.6,116.6,145.7,144.2,165.3,142.5,147.8,143.9,142,142.5,142.1,144.1,137.6,122.8,139.6,139.7,143.7,144.6,133.9,143.2,143.2,145.2,133,NA
Urban,2014,June,139.2,136.6,135.3,142.3,133.1,134.3,138.4,135.1,139.7,140.2,146.3,NA,137,134.3,139.1,147.2,134.2,140.2,140.2,138.8,142.6,138.3,137.8,136.9,134.8,130.6,136.8,140.6,147.5,133.1,132.3,147.2,143.1,141.5,135.7,NA
Rural+Urban,2014,June,138.9,136.9,134.8,141.8,137.1,136.5,138.3,140.1,141.8,145.1,133.4,149.7,139.1,122.4,142.2,145,157.4,142.1,144.5,142.2,142.2,141.1,140.3,140.2,136.6,124.9,137.8,140.1,145.7,138.6,133,144.5,143.1,142.4,134.3,NA
Rural,2014,July,139.5,139.3,136.9,133.8,141.1,140.5,139.4,145.9,145.3,148.5,131.7,151.2,144.1,116.9,146.2,146.8,167.4,144.7,149.8,145.8,145.8,145.8,144.4,146.6,139.1,125.4,142.5,142.3,146.4,146.7,138.1,146.4,146.2,149.4,133.6,NA
Urban,2014,July,140.8,137.3,138.4,144.8,135.2,136.7,141,138.5,142.5,142.6,148.9,NA,138.2,135.2,138.9,149.6,135.5,141.6,142.1,142.2,145.2,141.5,140.4,139.3,137.1,134.2,139.1,143.7,149.9,135.4,137.3,149.1,145.3,144,136.6,NA
Rural+Urban,2014,July,140,138.9,137.6,144.3,139,139.1,140.9,143.2,144.4,147.5,134.9,NA,141.7,122.9,142.3,147.6,159.3,144.1,146.4,144.6,145.6,144.4,142.7,142.6,138.4,127.8,140.4,142.9,148.2,140.8,137.7,147.3,145.7,145.4,135.1,NA
Rural,2014,August,140.9,140.5,139.3,134.9,143.3,141.6,142.2,148.2,147.4,149.8,133.8,151.2,144.9,117.1,147.5,147.6,169.9,146.2,150.8,147.5,149.4,148.6,146.2,148.5,142.2,128.2,143,143,147.1,148.9,138.5,147.9,146.9,147.7,133,NA
Urban,2014,August,141.4,138.6,139.4,145.3,136.4,138.3,141.6,140.1,144.1,143.1,149.7,NA,139.3,136.7,139.7,151.1,136.7,143.2,143.1,143.7,148.4,143.6,141.7,140.5,138.6,134.5,139.6,144.6,150.8,137.5,141.3,151.8,146.3,144.7,138.4,NA
Rural+Urban,2014,August,141.1,140.2,139.3,144.8,140.8,140.4,141.6,145.3,146.4,148.7,136.7,NA,142.6,123.5,143.3,148.6,161.5,145.6,147.4,146.2,149.1,147,144.3,144.1,140.9,129.9,140.9,143.6,149,143,140,149.2,146.6,145.5,135.6,NA
Rural,2014,September,141.9,140.7,139.9,138.4,143.5,142,140.7,148.1,148.2,150.9,135.4,153.1,145.5,117.5,145.3,148.9,171.5,147.8,151.5,147.7,151.5,148.6,146.6,148.2,142.7,128.2,143.5,142.5,146.4,148.3,138,148.1,146.6,146.8,134.8,NA
Urban,2014,September,142,138.1,139.5,145.3,135.8,138.7,141.6,139.1,143.7,142.7,150,NA,140,137.3,139.4,151,138.3,144.4,143.4,143,147.8,141.7,140.9,139.4,137.5,133.4,139.4,143.5,149.9,135.9,140.6,151.2,145.4,143.9,138.3,NA
Rural+Urban,2014,September,141.9,140.2,139.7,145,140.7,140.8,141.6,144.8,146.8,149.5,138.1,NA,143.3,124,142.1,149.5,163.1,147.2,148,146.1,150.6,146.3,144.2,143.4,140.8,129.6,140.9,142.9,148.2,141.9,139.4,149.1,145.9,144.6,136.5,NA
Rural,2014,October,142,141.8,140,137.1,143.9,142.2,139.9,147.9,148.5,151.9,135.1,153.7,146.1,117.4,145.7,149.7,174.3,148.1,151.9,147.9,150.4,147.3,146.6,148.3,142.8,127.9,143.6,142.9,147.2,148.8,138.1,147.7,146.7,148.1,135.4,NA
Urban,2014,October,142.9,138.2,139.3,144.6,135.5,138.1,141.7,139,144,143.1,150.2,NA,140.6,137.6,142.2,152.1,139.5,145.1,143.3,142.9,147.2,141.7,141,139.3,137.9,133.2,139.7,143.6,150.4,136.1,137.2,151.2,145.8,143.8,139.2,NA
Rural+Urban,2014,October,142.3,141.2,139.7,144.3,140.9,140.7,141.6,144.7,147.1,150.4,137.9,NA,143.9,124,143.8,150.4,165.5,147.5,148.2,146.2,149.6,145.5,144.2,143.4,141,129.4,141.1,143.2,148.9,142.2,137.6,148.8,146.2,144.9,137.3,NA
Rural,2014,November,142.6,141.9,140,136.8,143.5,141.9,138.1,148.2,148.6,152.6,134.3,154.8,145.9,117.5,146,150.3,175.2,147.3,152,148.3,150.1,148.1,147.2,148.6,142.9,128.8,144.3,143.4,147.9,148.9,138.9,147.6,147.8,149.6,137.6,NA
Urban,2014,November,141.6,138.1,138.5,144.5,134.7,137.5,141.5,139,143.7,142.7,150.7,NA,140.7,137.2,141.7,152,139,144.7,142.7,141.7,147.5,142.5,140.4,139,138.5,133.7,139.8,144.2,150.8,135.4,133.1,152.1,148.1,144.9,140.3,NA
Rural+Urban,2014,November,142.2,141.2,139.3,144.1,140.3,140.3,141.4,144.9,147.1,151,137.3,NA,143.8,123.9,143.7,150.8,166,146.8,147.9,146.1,149.4,146.3,144.3,143.3,141.3,130.1,141.5,143.7,149.4,141.9,135.7,149.1,148,146.1,138.9,NA
Rural,2014,December,117.1,121.7,118.6,121.3,118,118,115.8,120.6,120,123.4,116.2,124,127,107,128.6,127.9,127.4,118.6,120.2,119.5,121.9,124.1,120.2,119.3,124.9,116.1,119.4,119.7,120.6,126.6,121.5,121.5,120.9,124.4,121.3,117.4
Urban,2014,December,117.2,116,117,116,113.9,116.3,117.2,117.4,118.2,117.5,120.2,NA,120.5,118.2,117,129.3,117.1,118.9,118.8,117.9,118.4,118.4,118.6,116.6,119,114.6,116.7,119.3,123.4,117.4,109.4,121.4,121,117.9,115.3,119
Rural+Urban,2014,December,117.1,120.7,117.9,116.3,116.5,117.2,117.1,119.5,119.4,122.5,117.5,124,124.2,110.5,121.5,128.3,124.2,118.7,119.5,118.9,120.9,121.9,119.5,117.8,122.4,115.1,117.6,119.6,122.1,121,115.3,121.5,121,119.6,118.2,118.4
Rural,2015,January,119.6,121.4,118.7,120.3,117.8,118.4,116.1,121.4,119,123.5,115.5,123.8,125.1,109.2,129.2,126.3,128.9,117.3,119.3,119.2,121.2,123.1,120.6,119.4,124.7,118,119.8,120.5,121.4,126,122.5,122,121.1,126.2,119.4,117.5
Urban,2015,January,117.9,115.8,117.7,116.5,113.2,116.1,118.2,117.7,118.4,117.7,119.4,NA,119.1,117.6,117.6,128.2,116.6,117.8,119,116.8,117.9,117.3,118.9,116.4,119.9,114.3,116.5,119.3,123.5,117.5,109.1,121.7,121.3,118.8,115.5,118.6
Rural+Urban,2015,January,119,120.4,118.3,116.7,116.1,117.3,118.1,120.1,118.8,122.7,116.8,123.8,122.5,111.9,122.1,126.8,125.1,117.4,119.2,118.3,120.3,120.9,119.9,117.7,122.7,115.5,117.6,120.1,122.5,120.8,115.7,121.9,121.2,120.7,117.4,118.1
Rural,2015,February,120.6,122.1,118.8,119.3,117.8,118.3,116.3,122.4,119.4,122.7,114.5,124.7,126.1,112.7,128.6,126.4,129.1,118.4,119.9,119.6,121.8,124.3,119.7,120,124.1,117.8,120.5,121.5,122.5,125.3,122.6,121.9,120.8,133.2,118.2,118
Urban,2015,February,118,116.1,118.1,116.2,113.2,116,118.7,117.7,118.5,119.1,120.6,NA,118.6,117.7,117.1,127.4,116.6,117.2,119.8,117.1,117.9,117.3,119.3,116.6,120,114.6,116.8,119.7,123.4,117.1,111,122,120.9,123.1,115.5,118.4
Rural+Urban,2015,February,119.7,121,118.5,116.4,116.1,117.2,118.6,120.7,119.1,122.2,116.5,NA,122.9,114.3,121.6,126.7,125.2,118.2,119.9,118.6,120.7,121.6,119.5,118.1,122.4,115.7,118,120.8,123,120.3,116.7,121.9,120.9,125.7,116.8,118.2
Rural,2015,March,121,123.1,119.1,120.6,118.4,119.2,117.1,123.2,119.9,123,114.9,125.5,130,113.2,127.6,126.5,129,118.6,119.5,120.3,122.2,125.9,120.9,120,125.3,119.3,120.9,121.7,122.7,126.5,122.9,122.3,120.7,135.1,121.1,119.1
Urban,2015,March,118.9,116.6,118.4,116.9,113.8,116.9,119.8,118.6,119.1,119.4,122,NA,119,118.1,117,128.5,117.4,118,119.3,117.6,118.7,117.7,119.9,117.1,121.1,114.5,117.1,120,123.9,117.3,110.9,122.4,120.9,124.3,114.4,118.8
Rural+Urban,2015,March,120.3,121.9,118.8,117.1,116.7,118.1,119.7,121.6,119.6,122.5,117.2,NA,125.3,114.8,121.1,127,125.4,118.5,119.4,119.3,121.2,122.7,120.5,118.4,123.5,116.1,118.4,121.1,123.3,120.9,116.8,122.3,120.8,127.1,117.7,118.9
Rural,2015,April,122.7,123.8,119.1,120.8,118.2,119.2,118.1,123.7,120.5,123.3,115.9,126.4,129.5,113.8,128.4,127.5,128.7,120,119.6,121.1,122.6,127.1,121.1,120.5,126.2,119.1,121.3,122.6,123.9,126.5,123,123,120.7,135.1,119.9,118.8
Urban,2015,April,119.6,116.9,118.8,117.6,114.1,117.8,120.9,119,119.4,119.3,122.8,NA,119.4,118.3,117.1,129.6,118.6,118.5,119.6,117.8,119,118.8,120.1,117.6,122.4,114.8,117.8,120.5,124.8,117.3,111.2,123.4,121.9,125,115.7,119
Rural+Urban,2015,April,121.6,122.5,119,117.8,116.7,118.5,120.7,122,120.1,122.7,118.2,NA,125.2,115.2,121.5,128,125.6,119.7,119.6,119.8,121.6,123.9,120.7,118.9,124.6,116.2,119,121.8,124.4,120.9,117,123.1,121.4,127.6,117.8,118.9
Rural,2015,May,124.2,124.3,119.5,122.2,118.7,119.7,119.8,124.7,120.9,123.4,116.6,128.1,130.2,114.9,128,128,129,121.8,119.6,122.5,124.3,129.1,121.8,121.3,127.4,119.1,122.4,123.7,125.3,128,122.7,124.3,122,136.5,118.6,120.3
Urban,2015,May,120.4,117.7,119.5,118.4,115.5,118.4,121.9,120.4,120.1,119.9,123,NA,120.1,118.6,117.9,130.2,118.6,119.2,120.1,118,120.1,119.7,120.9,118.6,123.1,116.2,118.4,122.2,126.2,118.8,112.2,125,123.6,126.9,116.1,120
Rural+Urban,2015,May,122.9,123.1,119.5,118.6,117.5,119.1,121.8,123.2,120.6,122.9,118.7,NA,125.9,116.1,121.8,128.6,125.8,121.3,119.8,120.8,123.1,125.5,121.4,119.8,125.6,117.2,119.7,123.1,125.8,122.4,117.3,124.5,122.9,129.4,117.3,120.1
Rural,2015,June,123.7,125.2,120.3,124.8,120.1,121.4,120.5,125.5,122.1,125.6,117.6,130.8,129.9,115.6,128.1,128.2,130.8,123.1,121.2,124.2,126.7,131.5,123.1,123.5,132.9,122.3,124.3,126.2,128,128.8,128.7,125.4,124,139.8,120.6,123.7
Urban,2015,June,120.4,118,120.3,118.9,115.5,119.4,121.7,120.8,121,120.7,124.2,NA,120.4,118.5,118.8,130.6,119.2,119.9,120.9,119.7,122.2,120.6,121.6,120.2,124.1,117.2,119.4,124.6,127.5,120.8,115.6,126.4,125.2,128.6,116.2,121.4
Rural+Urban,2015,June,122.5,123.9,120.3,119.2,118.4,120.5,121.6,123.8,121.7,124.9,119.8,130.8,125.9,116.5,122.4,128.8,127.2,122.4,121.1,122.5,125.4,127.3,122.5,121.6,129.2,118.9,121,125.6,127.7,123.9,122,125.8,124.7,131.5,118.4,122.4
Rural,2015,July,124.1,125.8,120.4,125.7,120.9,121.5,121.8,125.7,123.3,127.1,119,130.5,130.6,115.8,128.6,128.7,132.4,123.2,122.9,126.4,127.8,130.6,123.3,124.2,137.1,122.4,124,126.6,128.6,129.9,127.7,125.4,124.6,140.2,123.6,123.1
Urban,2015,July,120.2,117.7,121.5,119.2,116.8,119.8,123.4,122.5,122.5,121.8,125.6,NA,121.4,119.1,119.6,130.3,120.7,121.4,121.6,121.4,122.5,121.1,122.8,120.9,124.4,117.7,119.5,124.6,128,120.6,120.3,125.6,125.4,129.4,117.1,122.3
Rural+Urban,2015,July,122.7,124.3,120.9,119.6,119.4,120.7,123.3,124.6,123,126.3,121.2,NA,126.7,116.8,123.1,129.1,128.8,122.8,122.3,124.5,126.3,126.9,123.1,122.3,131.8,119.3,121,125.9,128.3,124.2,123.9,125.5,125.1,132.2,120.3,122.7
Rural,2015,August,125,127,122,126.4,122.6,122.4,123.3,126.9,124.5,129.7,121.1,131.1,133.1,115.7,129.7,130.1,135.3,124.4,125.5,128,130.2,132.9,124.4,125.7,138.6,123.4,125.6,128.2,129.5,132.2,128.8,125.7,124.5,141.2,126.1,124.3
Urban,2015,August,121.8,118.5,122.4,120.1,117.7,120.7,124.4,123.3,123.7,123.6,126.3,NA,122.1,120.2,120.1,131,122.2,122.7,123.5,123.2,123.3,121.8,123.7,121.3,125,119.5,120.1,125.1,128.4,120.3,121.6,126,125,129.5,118.2,123.7
Rural+Urban,2015,August,123.9,125.5,122.2,120.5,120.8,121.6,124.3,125.6,124.2,128.8,122.8,NA,128.4,117.1,123.8,130.3,131.2,124,124.6,126.2,128.3,128.6,124.1,123.2,132.9,120.8,121.9,127.1,128.9,124.9,125.1,125.8,124.8,132.5,122.1,124
Rural,2015,September,124.5,127.7,123.3,130.6,123.3,124.1,124.6,127.6,125.5,131.6,124.3,132.1,133.2,115.6,129.6,132.4,139,126.1,126.6,129.2,130.5,133.3,125.1,126.4,140.3,123.5,126.3,128.9,129.8,133.3,130.4,125.4,125.1,141.8,127.3,125.4
Urban,2015,September,122.4,119,122.8,120.5,117.9,120.9,125,123.7,124.4,125.1,127.3,NA,123.4,120.9,121.8,132.2,121.9,124.4,123.9,123.6,123.6,122.5,124.2,121.2,125.3,119.3,120.1,125.8,128.8,120.4,119,125.7,125.5,130,118.8,123.7
Rural+Urban,2015,September,123.8,126.1,123.1,121.1,121.3,122.6,125,126.2,125.1,130.7,125.3,NA,129,117.3,124.8,132.3,133.7,125.7,125.3,127.1,128.6,129.1,124.7,123.5,134,120.7,122.2,127.8,129.3,125.4,124.6,125.5,125.3,133,123,124.5
Rural,2015,October,126.3,128,123.7,132.7,123.8,124.7,124.2,128.7,126.5,131.6,125.7,132.2,134.2,115.7,128.5,133.2,140.3,127.1,126.3,129.3,132.9,136,126.1,128.3,141.3,128.1,127.2,129.7,130.1,132.6,129.9,125.7,126.1,133.1,132,124.5
Urban,2015,October,123,118.9,123.1,120.9,118.9,121.1,125.1,125.1,125.2,125.8,127.1,NA,124.3,120.6,123.2,134.2,122.6,125,124.4,123.7,124,124.6,124.7,121.6,125.7,121,120.9,127,129.4,121.1,117.1,125.9,126.9,125.9,120.7,124.2
Rural+Urban,2015,October,125.1,126.4,123.4,121.6,122,123,125.1,127.4,126,130.8,126.2,NA,130,117.3,125.3,133.5,134.8,126.7,125.4,127.2,130.4,131.6,125.5,124.5,134.8,123.4,123,128.7,129.7,125.6,123.4,125.8,126.6,127.7,126.3,124.3
Rural,2015,November,126.5,127.3,123.7,131.6,123.2,124.9,122.5,128.9,127.2,130.9,124.2,132.7,136,115.7,132.3,132.8,139.6,127.2,125.6,129.6,133.9,137.7,126.3,128.7,140.9,129.1,128.6,131.9,131.4,133.6,129.6,125.7,128.5,136.2,132.4,125.7
Urban,2015,November,123.2,119.5,123.4,121.2,119.8,121.4,124.7,125.1,125.3,124.9,127.2,NA,124.5,121.3,123.4,133.5,122,125.1,123.7,122.9,123.9,124.8,125.2,122,125.8,121.5,121.2,128.4,130.3,122.4,113.7,127,128.6,127.6,121.4,126
Rural+Urban,2015,November,125.3,125.9,123.6,121.8,121.9,123.3,124.6,127.5,126.5,130,125.2,NA,131.1,117.5,126.9,133,134.1,126.8,124.7,127,131.1,132.7,125.8,124.9,134.6,124,123.7,130.6,130.8,126.7,121.5,126.2,128.6,129.8,126.8,125.9
Rural,2015,December,125.8,126.4,122.8,131.3,122.8,124.1,121.2,128.3,126.2,130,125.9,132.4,134.3,115.6,134.5,132.9,139.5,126.2,125.5,129.2,132.9,134.9,126.1,128.5,141.9,128.5,128.6,132.5,131.6,134.7,128.3,125.6,129.3,136,132,125.8
Urban,2015,December,121.9,118.9,121.4,120.9,117.7,120.5,122.5,124.7,124.6,124.1,127.1,NA,124.7,120.7,123.2,133.2,121.1,123.7,123,121.7,123,122.8,124.1,121,125.3,121,120.9,128.2,130.4,123.3,113,127.2,128.9,128.5,120.7,124.9
Rural+Urban,2015,December,124.4,125,122.2,121.5,120.9,122.4,122.4,127,125.6,129.1,126.3,NA,130.2,117.2,127.6,133,133.8,125.7,124.3,126.3,130.1,130.2,125.3,124.3,134.9,123.5,123.5,130.9,131,127.7,120.5,126.2,129.1,130.4,126.3,125.3
Rural,2016,January,125.5,126.5,122.3,131.1,122.4,123.7,121.1,128.7,125.9,130.2,134.1,133,134.6,115.4,134.3,132.8,139.7,124.8,126.3,129.2,132.5,136.4,126.3,128.6,143.1,128.8,128.4,133.2,132.5,135.9,128.8,126.6,129.7,136.8,130.8,126.4
Urban,2016,January,121.6,118.6,121.7,121,117.4,120.1,123.6,124.4,124.4,123.5,126.5,NA,124.5,121,122.8,132.2,121.9,123.2,124.1,122.1,123.3,123.1,123.9,120.7,125.6,120.1,120.9,128.4,131.2,124.4,115.4,128.1,128.7,127.8,119.5,126.7
Rural+Urban,2016,January,124.1,125.1,122,121.6,120.5,122,123.5,127.2,125.4,129.2,131.6,NA,130.3,117.2,127.3,132.6,134.2,124.5,125.3,126.5,129.9,131.3,125.3,124.1,135.8,123,123.4,131.4,131.8,128.9,122,127.1,129.1,130.1,125.1,126.6
Rural,2016,February,126.6,126.5,122.2,131.9,121.6,123.9,121.3,128.9,126,130.1,133,134.7,137.1,115.2,135.7,132.9,139.6,125,126.2,129.5,133.1,135.8,126,128.6,144.7,129.2,127.2,132.4,132.1,135.7,129.6,126.8,128.5,136.2,132.2,126.5
Urban,2016,February,121.1,117.8,121.1,121,116.9,120.2,124.6,124.1,123.5,122.9,127.3,NA,124.9,120.9,122.7,131.3,121.5,122.9,123.9,121.5,122.5,122.1,123,120.8,125.1,121.4,120.7,127.3,130.3,123.9,114.2,128.1,127.4,126.7,120.3,125.5
Rural+Urban,2016,February,124.7,124.9,121.7,121.6,119.8,122.2,124.4,127.2,125.1,129,131.1,NA,131.9,117,127.8,132.5,134,124.6,125.1,126.4,130.1,130.5,124.8,124.2,136.5,124,122.9,130.5,131.1,128.5,121.7,127.3,127.9,129.1,126.1,126
Rural,2016,March,126.6,126.8,122.2,129.6,121.9,124.3,122.2,128.9,126.2,130.3,134.4,135.3,138.2,115.3,135.6,132.4,140.1,125.1,126.4,129.7,134.1,135.6,126.2,129.2,145.1,129.3,127.6,132.6,132.3,136.2,127.7,126.6,127.7,135,134,126.6
Urban,2016,March,121.5,117.6,121.5,120.8,117.1,120.6,124.7,124,123.8,122.6,127.6,NA,125.4,121,122.5,131,121.6,123.1,124.8,122,122.8,121.6,123.1,121,125.6,121.2,120.7,126.9,130.2,124.1,113.2,127.8,126.6,125.8,118.4,125
Rural+Urban,2016,March,124.8,125.1,121.9,121.3,120.1,122.6,124.6,127.2,125.3,129.2,132.2,NA,132.8,117.1,127.6,132,134.4,124.7,125.6,126.8,130.9,130.2,124.9,124.6,136.9,123.9,123,130.5,131.2,128.8,120.3,127,127.1,128.1,126.1,125.7
Rural,2016,April,127.2,127.9,123.3,132.9,123,124.9,123.4,130.1,127.3,130.9,136.2,136.8,140.7,115.6,132.7,133.4,140.8,125.6,127.5,131,134.4,135.1,127,130.1,141.4,129.2,129.3,133.4,133.4,137.1,127.9,127.3,128.1,134.6,134.4,127.8
Urban,2016,April,122.5,119.5,122.8,122.7,118.3,121.9,126.2,125.6,125.5,124.1,128,NA,125.6,121.7,122.9,131.8,122.3,124.1,125.9,123.4,124.1,123.4,124.9,122.8,127.4,121.5,122.1,128.7,131.9,125.3,112.2,129.4,128,127,120.4,126.8
Rural+Urban,2016,April,125.5,126.4,123.1,123.3,121.2,123.5,126,128.5,126.7,129.9,133.5,NA,134.3,117.5,126.7,133,135.1,125.3,126.7,128.1,131.5,130.6,126.1,126,135.5,124.1,124.5,131.7,132.6,129.9,119.9,128,128,128.9,127.3,127.3
Rural,2016,May,129.6,128.9,124.5,134.5,124,126.4,124.5,131.1,127.8,131.6,137.1,138,139.3,119.9,134.3,134.6,139.4,126.6,128.6,132.5,136.4,138.3,127.8,131.5,143,130.4,130.2,135.8,135,139.1,128.3,129.3,130.1,137.4,132.5,130.5
Urban,2016,May,123.1,120.7,123.5,123,119.7,122.4,127.4,126.4,126.4,125.2,129.1,NA,125.9,122.8,123.5,132.2,122.2,124.7,127.1,123.9,125.7,125.3,126,124.1,128,123.7,122.9,131.5,133.7,125.9,112.3,131.2,130.2,129.6,124.6,129.8
Rural+Urban,2016,May,127.3,127.4,124.1,123.7,122.4,124.5,127.2,129.4,127.3,130.7,134.5,NA,133.6,120.8,127.7,134,134.1,126.2,127.9,129.2,133.4,133.3,127.1,127.3,136.7,125.9,125.3,134.2,134.3,131,120.1,130,130.2,131.6,128.5,130.1
Rural,2016,June,130.7,129.9,126,136.9,124.9,127.7,126.3,133.2,128.9,132.5,138.9,137.3,139.9,120.1,134.9,135.7,136.1,127,130.2,133.7,138.9,141.4,129.4,134.5,143.9,134.4,132.8,137.2,136.5,140.3,128.3,131.2,131.8,140.3,134.3,132
Urban,2016,June,123.9,121.7,124.8,124.4,119.9,123.5,127.8,128.9,127.9,126.4,130,NA,126.9,123.4,123.8,132.4,123.3,124.6,126.9,124.9,127.5,128.2,127.7,128,130.8,126.7,124.8,133.2,134.9,127.2,117.9,132,131.5,131,125.9,130.9
Rural+Urban,2016,June,128.3,128.4,125.5,125.1,123,125.7,127.7,131.7,128.5,131.6,136,NA,134.4,121.1,128.1,134.8,132.1,126.5,128.6,130.3,135.7,136.3,128.7,130.8,138.4,129.3,127.5,135.7,135.6,132.3,123,131.5,131.6,133.4,130,131.4
Rural,2016,July,131.1,131.1,128,139.3,126.8,129.1,128.2,135.2,131,134.1,139.9,138.9,138.8,121.8,135.3,137.3,134.2,127.5,131.8,135,140.3,140.3,130.6,136.8,143.8,135.2,134.4,137,136.3,140.8,129.2,131.2,131.2,141.6,135.7,132.4
Urban,2016,July,124.8,123,126.7,124.6,122,124.4,130.5,131.5,130.4,126.6,131.9,NA,127.5,124,124.1,132.8,124.3,125.8,127.9,126.9,128.4,129.1,129.6,128.9,132.6,128,125.2,132.7,135.1,126.9,123.6,131.4,131,131,124.3,131
Rural+Urban,2016,July,128.9,129.6,127.4,125.4,125,126.9,130.4,133.9,130.8,133,137.3,NA,134,122.5,128.5,136.1,131.1,127.1,130,131.9,137,136,130.2,132.3,139.1,130.4,128.3,135.4,135.7,132.3,126.3,131.3,131.1,133.7,129.9,131.6
Rural,2016,August,133,131.8,129.4,141.3,128,129.9,128.9,135.9,132.5,135.4,141.2,139.2,138.8,124.6,133.9,137.4,134.9,128.5,133,135.8,139.4,139.8,130.7,137,142.3,139.4,134,136.8,135.9,141.2,130.1,130.5,130.7,141,135.5,131.7
Urban,2016,August,124.8,123.1,126.7,124.4,121.4,124.2,130.3,130.7,129.5,126.8,133.5,NA,128.2,124.9,123.7,134,124.9,126.9,128.3,126.9,127.9,128.9,128.2,127,130.5,125.9,124.5,132.1,134.7,125.8,126.7,131,130.1,129.8,124.4,129.8
Rural+Urban,2016,August,130.1,130.2,128.2,125.4,125.5,127.2,130.2,134,131.4,134.1,138.7,NA,134.3,124.7,127.7,136.5,131.8,128.2,130.8,132.4,136.2,135.6,129.7,131.3,137.4,130.4,127.7,135.1,135.3,131.8,128.4,130.7,130.3,132.7,129.9,130.7
Rural,2016,September,132.8,132.6,129.8,141.1,127.7,130.1,129.1,135.4,132.2,135.2,141.6,139.7,140.9,126.5,130.7,138.2,135,128.7,133.7,137.5,138.9,138.7,129.7,136.2,142,136.6,133.5,137.2,135.4,141.6,130.2,130.5,130.4,139,134.3,133.5
Urban,2016,September,124.8,123.7,126.6,124.6,120.9,124.1,130.4,129.4,128.7,127.2,133.9,NA,128.3,125.2,123.8,132.2,124.8,127.3,129,127.2,127.4,127.8,127.5,125.5,129,123.8,124.2,131.1,134.7,126.6,123,131.2,130.1,129.5,124.6,129.5
Rural+Urban,2016,September,130,131,128.4,125.5,125.2,127.3,130.3,133.3,130.9,134,139.1,NA,135.5,126.1,126.5,136.7,131.8,128.4,131.5,133.6,135.7,134.5,128.8,130.1,136.6,128.1,127.3,134.9,135,132.4,126.5,130.7,130.2,131.9,129.4,131.3
Rural,2016,October,132.9,133.4,130,142.9,128.6,131.3,129.2,135.6,132.3,135.7,140.5,140.3,141.8,129.6,132.3,140,135.3,129.7,134.4,138.9,139.7,139.1,129.7,136,144.7,137.1,134.6,137.5,134.6,142,129.3,130.5,131.2,138.2,136.2,135
Urban,2016,October,125.1,124.2,126.7,125.2,121,124.5,130.8,130.1,128.9,128.2,134.7,NA,128.5,125.9,124.5,132.6,125,128.1,129.7,128.3,127.2,127.8,128.1,125.8,129.4,124.6,125.1,131.7,134.9,126.3,119,131.3,130.7,129.5,125.6,130.2
Rural+Urban,2016,October,130.1,131.7,128.5,126.2,125.8,128.1,130.7,133.6,131.1,134.6,138.6,NA,136.1,128.4,127.5,138.1,132.1,129.4,132.2,134.9,136.2,134.7,129,130.2,138.3,128.8,128.3,135.4,134.8,132.4,124,130.8,130.9,131.7,130.8,132.4
Rural,2016,November,134.5,134,129.8,143.7,128.7,131.4,129.3,135.7,131.7,135.4,140.4,140.8,142.9,133.6,132.9,139.9,134.6,129.6,133.7,138.1,138.5,138.3,129.9,135.8,147.4,136.1,134.6,136.6,134.2,142.9,133.1,130.8,131,137.5,136.7,134.7
Urban,2016,November,125.2,124.9,126.7,125.6,121.9,124.5,131.1,130.3,128.9,127.3,134.4,NA,129,127.3,124.7,134.7,124.8,128,129.2,127.8,126.9,127.2,128.6,125.1,128.7,124.7,124.8,131.4,134.8,126,113.7,131.1,130.9,129.1,125.9,130.4
Rural+Urban,2016,November,131.2,132.4,128.4,126.6,126.2,128.2,131,133.8,130.7,134.2,138.4,NA,137,131.6,127.9,138.6,131.6,129.3,131.6,134.2,135.3,134,129.4,129.7,139.6,128.5,128.1,134.7,134.5,132.5,123.2,130.9,130.9,131.2,131.2,132.3
Rural,2016,December,136.7,134.3,129,140.6,127.8,131.1,130,135,130.2,134.6,140.4,140,142.8,139.8,133.6,139.8,134.7,128.5,132.1,136.8,136.3,136.4,129.4,134.8,149.9,133.5,134.2,136.3,134.2,142.4,131.9,130.7,131.1,135.2,138.8,134.3
Urban,2016,December,125.4,124.1,125.5,124.6,120,123.8,129.4,129.6,127.6,126.9,134.2,NA,129.3,127.2,124.2,133.6,125,126.5,127.4,126.1,126.2,125.7,127.2,123.4,127.4,124.5,124.4,130.4,134.6,126.2,111.4,130.9,131,129.4,126.4,129.6
Rural+Urban,2016,December,132.7,132.5,127.4,125.5,124.9,127.7,129.4,133.1,129.3,133.5,138.4,NA,137.1,135.8,127.9,138.2,131.7,128.1,129.9,132.7,133.5,132.3,128.5,128.3,140.5,127.5,127.7,134.1,134.4,132.5,121.4,130.8,131,130.9,132.5,131.7
Rural,2017,January,137.2,134.2,128.4,138.1,127.4,130.6,130,134.4,129.3,133.7,139.5,138.4,142.5,143.3,134.2,138.6,134.9,127.1,131.1,135.6,134.9,135.5,128.5,134.1,151.8,132.2,133.6,135.9,134.7,142.9,131,132,131.8,136.8,139.6,135.7
Urban,2017,January,125.3,124.2,125.7,124.1,119.7,123.8,131.4,129.8,127.8,126.6,132.5,NA,129.1,127.7,124,132.7,125.4,126.5,127.2,125.4,125.9,125.5,126.9,123.5,127.3,125,124.3,130.5,134.9,126.5,111.1,132.3,131.6,129.5,127.2,129.9
Rural+Urban,2017,January,133,132.4,127.2,124.9,124.5,127.4,131.3,132.8,128.8,132.7,137.2,NA,136.8,138.4,128,137.1,132,127,129.3,131.7,132.4,131.6,127.8,128.1,141.5,127.4,127.4,133.9,134.8,132.8,120.8,132.1,131.7,131.4,133.3,132.5
Rural,2017,February,137.8,134.4,129,138.2,127.3,131.5,129.5,135.1,128.8,133.4,139.1,139.6,142,143.4,134.2,139.2,134.7,126.4,130.9,134.8,134.6,135,128.2,135.1,153.9,133.5,134.1,136.6,135.2,141.6,129.5,133.8,132.6,136.9,140.3,135.3
Urban,2017,February,125.7,124.5,126,124.3,119.9,124.2,132.1,129.8,127.9,126.4,132.4,NA,129.3,128.5,124,132.7,125.6,124.9,127.7,124.4,126.1,125.4,126.7,123.6,128.4,125.2,124.7,131.3,135.6,126.6,113.1,133.3,132.4,130.3,126.4,130.7
Rural+Urban,2017,February,133.5,132.6,127.7,125.1,124.5,128.1,132,133.2,128.5,132.4,136.9,NA,136.6,138.7,128,137.5,131.9,126.1,129.4,130.8,132.2,131.3,127.6,128.6,143.2,128,127.8,134.6,135.4,132.4,121.1,133.6,132.5,132,133.2,132.8
Rural,2017,March,138.4,134.1,129.7,138,127.4,130.6,129.8,134.9,129,133.8,139.8,139.8,142,142.9,133.9,138.4,134.1,126.6,130.5,134.9,134.8,135.3,128.1,135.2,156.2,133,134.1,136.3,136,143.6,129,134.5,133.3,136.5,137.9,135.5
Urban,2017,March,127.1,125.4,126.6,125.3,120.4,124.2,133.1,129.9,128.1,125.6,133.3,NA,129.4,129.2,123.6,133.4,125.2,125.5,127.8,124.7,126.4,125.1,127.3,124.6,128.7,124.4,125.3,131.5,136.4,126.7,112.7,133.4,132.9,130,125,131.9
Rural+Urban,2017,March,134.4,132.5,128.3,126,124.8,127.6,132.9,133.1,128.7,132.6,137.7,NA,136.6,138.6,127.6,137.1,131.3,126.4,129.2,131,132.5,131.4,127.8,129.2,144.7,127.3,128.2,134.5,136.2,133.2,120.7,134.1,133.1,131.7,131.3,133.5
Rural,2017,April,138.6,134.9,129.6,138.1,127.6,130.8,129.7,134.7,128.9,133.4,140.4,140.2,141.9,142.7,133.7,139.4,134.8,127.1,130.6,135.4,135.9,135.8,127.7,135.9,156.4,140.4,134.8,136.7,136.2,143.5,129,135.1,133.6,136.2,136.9,135.5
Urban,2017,April,127.8,126,126.6,125.7,121.2,124.8,133.6,130,128.8,125.1,133.8,NA,129.6,128.9,124.3,134.2,125.2,128.4,128.2,125.7,126.7,125.7,127.6,125.6,130.3,125.6,125.7,131.1,136.9,127.3,112.9,134,133.1,129.9,124.6,132.1
Rural+Urban,2017,April,134.8,133.3,128.3,126.4,125.2,128,133.4,133,128.9,132.2,138.2,NA,136.7,138.3,128,138.1,131.8,127.4,129.5,131.7,133.3,131.9,127.7,130.1,145.5,130.5,128.7,134.6,136.6,133.6,120.8,134.7,133.3,131.5,130.6,133.6
Rural,2017,May,139.5,134.8,129.5,137.5,127.8,130.8,130.1,135.1,129,133.2,141.2,141.4,142.6,142.5,132.9,140,134.5,128,130.4,135.1,136.7,136.3,128.1,136.3,157.3,140.5,136.2,137.5,136.7,142.4,131.3,135.4,133.6,137.2,138.8,135.7
Urban,2017,May,128.4,126.4,127.1,124.6,121.6,124.9,133.9,129.9,128.1,123.9,134.8,NA,130,129.7,125,134.3,125.5,128.9,128.8,125.7,127.2,125.7,128.2,125.8,129.3,124.9,125.8,131.8,137,127.7,115.5,134.8,133.7,130,124.1,131.9
Rural+Urban,2017,May,135.6,133.3,128.4,125.3,125.5,128,133.7,133.2,128.7,131.8,139.1,NA,137.2,138.4,128.1,138.5,131.7,128.2,129.6,131.5,134,132.2,128.1,130.4,145.6,130.1,129.3,135.4,136.9,133.4,123.2,135.2,133.7,131.8,131.3,133.6
Rural,2017,June,139.6,135.2,129.5,136.6,127.6,131.7,130.5,135.5,129.1,133.7,142.4,141.6,143.4,142.6,132.9,139.7,133.9,129.1,131.2,135.5,137.4,137.2,128.9,137.1,159.8,141.3,137.3,138.9,138,143.7,130.4,137.2,134.4,137.6,138.9,135.5
Urban,2017,June,128.1,127.1,126.4,124.6,121.6,125.5,133.5,131.3,128.8,126.3,136.7,NA,131.1,129.1,125.4,134.2,125.8,128.1,128.8,126.7,128.4,126.7,128.9,126.4,131,126.2,126.6,132.7,137.4,128.7,119.9,136.1,134.4,131.1,125,131.9
Rural+Urban,2017,June,135.5,133.7,128.1,125.3,125.4,128.8,133.3,134,129,132.6,140.5,NA,138.2,138.3,128.3,138.3,131.4,128.9,130.1,132.1,134.9,133.1,128.9,131,147.7,131.2,130.2,136.6,137.7,134.5,125,136.8,134.4,132.8,131.8,133.5
Rural,2017,July,140.1,136.4,131.9,137.9,129.1,133.6,131.9,138.4,131.4,135.1,142.8,141.4,141.7,143.8,133.3,140.2,133.9,130.1,132.6,139.8,139.5,142.8,131.9,139.9,161.2,136.6,139.6,141.6,140.6,146,134.3,138.9,137.5,141.3,140.8,137.6
Urban,2017,July,129,129,128.2,127,124.1,127.6,136.3,134.7,131.6,128.3,138.8,NA,131.4,128.9,126.3,134.6,127.3,129.2,130.4,130.1,131.4,132.1,131.6,129.1,131.4,129,127.5,134.2,137.9,130,124.7,137.1,136.1,131.6,126.1,134.7
Rural+Urban,2017,July,136.2,135.1,130.2,127.6,127.2,130.8,136.1,137.1,131.5,134.1,141.5,NA,137.3,139.1,129,138.8,131.9,129.9,131.6,136.1,137.2,138.7,131.8,133.8,148.7,131.5,131.6,138.9,139.1,136.2,129.4,138.3,136.7,134.1,133.3,136
Rural,2017,August,141.6,137.9,134.3,140.6,131.3,135.2,133.6,140.8,133.2,138,142.3,142.1,144.8,146,132.2,141,135,132.3,135.7,142.7,141.1,143.4,132.8,141.3,162.6,140.7,141.5,141.3,140.9,145.2,136.7,139.6,138.3,141.3,139.6,137.8
Urban,2017,August,130.2,130,130.4,128.5,126.6,129.8,137.5,136,132.5,130.7,140.3,NA,132,130.2,126.4,135.4,128.2,130.7,132,132,131.6,131.4,132.1,129.7,131.2,129.7,128.5,134.4,138.4,130.3,127.3,137.7,136.7,132.5,129.2,134.6
Rural+Urban,2017,August,137.6,136.5,132.6,129.2,129.5,132.7,137.3,139.1,132.9,136.9,141.6,NA,139.4,141,128.7,139.6,132.9,132,134,138.6,138.4,138.8,132.5,134.7,149.5,133.4,132.9,138.8,139.6,136.1,131.9,138.9,137.4,134.7,134.3,136
Rural,2017,September,143.4,137.8,134.6,141.3,131.4,135.5,133.8,140.4,133.5,137.8,144.6,143.7,145.1,148.6,134.8,142.2,137.2,133.6,135.8,141.3,139.5,142.4,132.3,140.5,164,138.3,141.2,140.8,139.2,146.9,136,139.7,137.8,138.7,139.4,138.4
Urban,2017,September,130.9,130.2,129.4,129.7,127,130,136.5,134.3,132.1,130.4,139.9,NA,133.7,131.5,126.5,136.8,128.4,131.9,132.5,130.9,130.2,130.5,131.9,128.8,128.8,127.9,128.5,134.3,138.6,130.4,126,137.8,136.4,132.3,130.1,133.5
Rural+Urban,2017,September,139,136.4,132.3,130.4,129.8,132.9,136.4,138.2,133,136.7,143.1,NA,140.3,143.2,129.7,140.8,134.5,133.2,134.2,137.3,136.9,137.8,132.1,133.9,149.3,131.4,132.8,138.4,138.9,136.8,130.9,139,137,133.9,134.7,135.7
Rural,2017,October,144.9,138.5,135.1,140.8,130.8,135.5,133.1,139.6,133.4,138.7,144.8,146,143.8,150.6,136.2,143.9,137.7,134.9,136.9,143.1,141.3,143.1,133.1,139.9,164.2,137.8,142.5,143,140,146.7,132.9,140.4,139,140.1,139.3,139.8
Urban,2017,October,132.3,130.7,129.6,133.3,128.6,131.1,136.7,135.8,133.5,131.4,140.6,NA,134.1,132.3,126.2,138,128.4,132,134.8,132.8,131.7,132.6,133.1,128.6,130,129,129.6,135.6,139.3,130.9,124.2,138.4,137.9,134.3,133,134.8
Rural+Urban,2017,October,140.5,137.1,132.6,133.7,130,133.4,136.5,138.2,133.4,137.6,143.4,NA,139.7,144.8,130.1,142.4,134.8,134.3,135.9,139.2,138.6,139,133.1,133.5,149.9,131.9,133.9,140.3,139.6,137,128.5,139.7,138.4,135.8,136.1,137.1
Rural,2017,November,146.9,140.4,136.6,142.9,132.7,137.1,133.6,139.5,134.9,139.8,146.3,147.8,145.2,152.3,138,145.6,139.6,137.9,139.3,145.2,142.9,145.1,135,140.4,164.3,139.6,143.8,146.3,141.9,153,138.4,142.2,141.7,142.6,144.2,142.2
Urban,2017,November,134.4,131.5,130.9,134,131,132.4,137.9,137.3,135.2,132.2,141.1,NA,136.5,133.6,127.8,139.7,129.1,132.4,135.7,132.9,132.7,134.8,135.2,129.4,129.1,129.7,130.4,137,140.2,131.4,130.4,140.2,140.1,135.2,133.5,136.9
Rural+Urban,2017,November,142.5,138.8,134,134.5,132.1,134.9,137.7,138.7,135,138.7,144.6,NA,141.5,146.4,131.8,144.1,136.3,136.8,137.6,140.5,140,141.1,135.1,134.2,149.6,133,134.9,142.9,141,139.8,134.3,141.5,140.8,137.1,138.8,139.3
Rural,2017,December,146.8,141.2,137,143.5,133.9,136.3,132.7,139.1,134.6,140.2,146.6,147.5,147.7,156.6,138.8,144.6,140,138.4,140.2,144.7,142.4,142.4,133.9,140.4,163.1,139.3,142.3,146.1,140.6,152.2,134.6,142.4,141.6,141.3,143.7,142.5
Urban,2017,December,134.2,131.8,130.4,133,129.5,133,136.5,136.7,135,132.5,141.1,NA,135.3,133.1,127.9,139.5,129,131.6,134.7,132.2,132.1,133.7,134.3,128.2,127.6,128.5,130.1,136.6,139.1,132.5,132.1,138.5,139,135.4,133.4,135.4
Rural+Urban,2017,December,142.4,139.5,134,133.6,132.3,134.8,136.3,138.2,134.7,139.1,144.8,NA,142.4,149.2,132.1,143.3,136.6,137,137.6,139.9,139.5,139,134.1,133.5,148.2,132.1,134.2,142.6,139.8,140.1,133.3,141,140.1,136.9,138.5,138.6
Rural,2018,January,146.2,140.5,137,140.5,133.9,135.3,133,138.8,133.6,140.4,146.1,147.9,148.9,161.1,138.3,144.7,140.2,137.8,139.7,143.3,141.7,140.8,133.5,139.9,163.6,137.3,142,144.6,140.3,150.2,132,142.6,140.7,142.4,144.1,142.5
Urban,2018,January,134.6,131.3,130.5,131.4,129.4,132.1,137.9,136.1,135.3,132.6,140.5,NA,134.9,132.3,127.8,139.1,129.4,130.7,135.5,132.3,132,134,134,127.5,127.8,128,129.9,136,139.3,132.3,130.9,139.1,138.5,134.8,133.7,135.3
Rural+Urban,2018,January,142.1,138.8,134.1,131.9,132.2,133.8,137.6,137.8,134.2,139.3,144.3,NA,142.9,152,131.9,143.3,136.8,136.3,137.7,139.1,139,138.2,133.7,132.9,148.6,131.1,134,141.4,139.8,139.2,131.4,141.4,139.4,136.7,138.8,138.6
Rural,2018,February,146.9,140.1,136.1,138.1,132.8,134.8,131.9,137.3,133.1,139.3,146.5,147.9,149.2,160.3,139.3,144.1,139.8,136.8,139.7,141.8,140.6,140.3,132.3,138.5,164.2,139,141.8,142.3,139.1,151.8,132.1,142.4,140.1,141.9,143.8,141.6
Urban,2018,February,134.7,131.7,129.7,130.4,128.9,132.1,138.1,135.6,135,132.9,140.6,NA,135.3,132.5,127.2,138.9,128.5,131,136.6,131.3,131,133.2,133.2,127.2,127.8,128.4,130.1,135.3,139,132.1,129.2,138.8,138,134.5,133.4,135.6
Rural+Urban,2018,February,142.6,138.6,133.2,130.8,131.3,133.5,137.8,136.7,133.8,138.4,144.6,NA,143.3,151.5,131.9,142.8,136.3,135.6,138.2,137.8,137.9,137.6,132.7,132.1,149,131.9,134,139.7,139,139.7,130.6,141.1,138.9,136.4,138.5,138.3
Rural,2018,March,147.2,139.4,135.7,138.3,131.5,135.2,131.8,137.7,133.4,139.6,147.5,147.9,149.2,163.2,139.5,145.2,139.5,137.1,140.8,142,140.6,139.5,132.6,139.3,161.9,138.1,141.4,142.1,139.2,151.1,132.3,142.5,140.6,141.2,143.3,142.4
Urban,2018,March,134.5,132.7,129.4,130.4,129,132.1,137.5,135.6,135.3,133.6,141.9,NA,135.2,132.7,127.7,138.7,128.2,131.2,136.5,131.5,131,133.8,133.5,127.6,129.2,127.9,130,135,139.3,132.2,128.8,139.7,137.9,134.3,132.4,134.8
Rural+Urban,2018,March,142.7,138.2,132.9,130.8,130.6,133.7,137.2,137,134.1,138.7,145.7,NA,143.2,153.5,132.3,143.5,136,135.9,138.8,138,137.9,137.3,133,132.7,148.2,131.3,133.8,139.5,139.3,139.5,130.5,141.5,139,136.1,137.8,138.2
Rural,2018,April,147.6,139.7,136,139,131.4,135.3,131.4,137.8,134,139.7,150.5,149.8,150.5,165.7,138.7,145.7,139,137.9,141.4,142.9,141.3,139.4,132.7,140,161.3,135.6,141.9,142.4,139.8,152,131.8,143.1,141.3,141.5,145,143.1
Urban,2018,April,135.4,133.8,130.5,132.8,129.5,133.1,137.1,136.6,136,133.3,142.2,NA,135.1,133.6,128.4,139.4,128.4,132.3,136.6,132.3,131.2,134.6,134.1,128.6,130.7,129.1,131.2,135.3,140.3,132.8,132.8,141.2,139,135.4,134.2,135.4
Rural+Urban,2018,April,143.5,138.3,134,132.2,131.7,134.6,137,137.5,135.1,139.5,146.1,NA,144.6,155.3,132.6,143.7,136.3,137.5,140.2,139.4,139.8,138.5,134.1,134.2,150.1,131.8,135.3,141.1,140.6,140.7,131.8,143.7,140.7,137.8,139.8,139.6
