"sno","state","category","1987","1988","1989","1990","1991","1992","1993","1994","1995","1996","1997","1998","1999","2000","2001","2002","2003","2004","2005","2006","2007","2008","2009","2010","2011","2012","2013","2014","2015"
1,"andaman-and-nicobar-islands",1,0,0,0,0,0,0,0,0,0,0,0,0,0,0,0,0,0,0,0,0,0,0,0,0,0,0,0,0,0
2,"andaman-and-nicobar-islands",2,0,0,0,0,0,0,0,0,0,0,0,0,0,0,0,0,0,0,0,0,0,0,0,0,0,0,0,0,0
3,"andaman-and-nicobar-islands",3,0,0,0,0,0,0,0,0,0,0,0,0,0,0,0,0,0,0,0,0,0,0,0,0,0,0,0,0,0
4,"Andhra Pradesh",1,0,0,0,11.9,13.5833333333333,15.54,8.08333333333333,9.58,11.4666666666667,13.2416666666667,9.04166666666667,6.93636363636364,8.36666666666667,7.46666666666667,10.1416666666667,9.05,0,6.78517350157729,5.26388888888889,7.11428571428572,6.55983935742972,5.86672862453532,7.04850894632207,5.18396226415094,4.66666666666667,7.27725118483412,7.80929487179487,9.9433734939759,7.70933014354067
5,"Andhra Pradesh",2,0,0,0,7.27368421052632,9.425,9.64,8.775,18.215,16.0304347826087,17.595,11.9291666666667,10.25,15.6083333333333,12.8458333333333,12.0125,10.2708333333333,0,7.33531669865643,5.98274509803921,8.35935483870968,6.50647249190937,7.10201874549387,7.43400154202005,5.47307692307692,4.73658536585366,7.64833836858006,6.81800314465409,7.26485568760611,6.48913043478261
6,"Andhra Pradesh",3,0,0,0,0,0,21.1652777777778,0,6.6,18.95,20.9625,24.5564516129032,13.380487804878,14.9791666666667,15.1083333333333,12.3202898550725,6.2768115942029,0,9.87142857142857,7.04615384615385,6.57348993288591,5.67380952380952,6.76029850746269,6.60801393728223,4.81967213114754,4.2126582278481,5.26858513189448,6.0981308411215,7.28526645768025,5.84039087947883
7,"Arunachal Pradesh",1,0,0,0,0,0,0,0,0,0,0,0,0,0,0,0,0,0,0,0,0,0,0,0,0,0,0,0,0,0
8,"Arunachal Pradesh",2,0,0,0,0,0,0,0,0,0,0,0,0,0,0,0,0,0,0,0,0,0,0,0,0,0,0,0,1.46666666666667,2.81666666666667
9,"Arunachal Pradesh",3,0,0,0,0,0,0,0,0,0,0,0,0,0,0,0,0,0,0,0,0,0,0,0,0,0,0,0,0,0
10,"Assam",1,0,0,0,0,0,0,0,0,0,0,0,0,0,0,0,0,0,0,0,0,0,0,0,0,0,0,0,0,0
11,"Assam",2,0,0,0,0,0,0,0,0,0,0,0,0,0,0,0,0,0,3.18918918918919,5.27425742574257,6.00017574692448,7.16046109510077,6.31830508474582,6.80232558139536,7.05086285195277,0,6.08354070387471,6.94160852001469,6.79133627019089,6.99254526091587
12,"Assam",3,0,0,0,0,12.8,14.3311111111111,6.04772727272727,6.40277777777778,1.978125,0.874074074074074,0,0,0,7.20833333333333,3.70833333333333,3.14166666666667,0,0,0,0,0,0,0,0,0,0,0,0,0
13,"Bihar",1,30.0363636363636,33.4869565217391,25.4181818181818,31.8441176470588,37.6724137931034,34.96,33.5826086956522,38.7,36.8045454545455,45.3793103448276,41.6083333333333,60.6483870967742,65.9,29.94,24.3828571428571,22.8,0,0,0,0,0,0,0,0,0,0,0,0,0
14,"Bihar",2,15.6857142857143,21.3083333333333,19.9571428571429,41.1294117647059,39.8689655172414,33.5666666666667,28.4545454545455,36.0916666666667,34.0857142857143,35.735,36.1371428571429,45.0516129032258,53.2264705882353,29.1888888888889,27.2176470588235,28.9064516129032,0,11.5427135678392,12.2791044776119,9.8093567251462,9.32378378378379,5.2841726618705,3.23283582089552,5.83453237410072,4.05970149253731,4.81327800829875,0,0,0
15,"Bihar",3,0,0,0,0,12.3727272727273,19.9363636363636,11.2666666666667,12.0583333333333,10.6166666666667,9.44,12.925,10.2083333333333,8.74545454545455,9.46666666666667,9.53333333333333,8.36666666666667,0,0,0,0,0,0,0,0,0,0,0,0,0
16,"Chandigarh",1,0,0,12.25,13.375,5.67,0,15.7,12.3727272727273,12.2833333333333,8.08333333333333,6.975,5.73333333333333,0.541666666666667,0,0,7.65,0,7.21238938053097,1.46571428571429,0,0,0.0344155844155844,0,2,1.98827586206897,1.43076923076923,1.14285714285714,2,2
17,"Chandigarh",2,0,0,6.455,3.25909090909091,2.12307692307692,0,10.9222222222222,2.99411764705882,8.82857142857143,5.8,6.175,4.76666666666667,0,0,0,5.69166666666667,0,5.39880952380952,1.04700704225352,0.0564516129032258,0.0088628762541806,0,0.00949263502454992,2.00334448160535,1.9538062283737,1.49878345498783,1.15514333895447,1.98976109215017,2
18,"Chandigarh",3,0,0,0,0,0,0,0,0,0,0,0,0,0,0,0,0,0,0,0,0,0,0,0,0,0,0,0,0,0
19,"Chhattisgarh",1,0,0,0,0,0,0,0,0,0,0,0,0,0,0,0,0,0,0,17.2619047619048,18.328476821192,17.996875,20.5155405405405,18.8956834532374,12.5069444444444,12.375,11.2826086956522,12.0151515151515,11.985401459854,12.0530973451327
20,"Chhattisgarh",2,0,0,0,0,0,0,9.6,8.46,0,0,15.3714285714286,15.1111111111111,13.38,13.5416666666667,8.40833333333333,8.05454545454545,0,11.8989743589744,11.9872420262664,12.19744,12.3940029985007,13.8835593220339,12.8583333333333,10.8912280701754,10.4554128440183,10.1036717062635,8.23247863247863,9.39302325581395,9.1395881006865
21,"Chhattisgarh",3,0,0,0,0,0,0,0,0,0,0,0,0,0,0,0,0,0,0,0,0,0,0,0,0,0,0,0,0,0
22,"Dadra & Nagar Haveli",1,0,0,0,0,0,0,0,0,0,0,0,0,0,0,0,0,0,0,0,0,10.6375,9.78942307692308,8.58985507246376,7.13829787234043,7.59278350515464,7.61866666666667,0,0,15.8837209302326
23,"Dadra & Nagar Haveli",2,0,0,0,0,0,0,0,0,0,0,0,0,0,0,0,0,0,0,0,0,10.6444444444444,9.91634615384616,0,0,0,0,0,0,0
24,"Dadra & Nagar Haveli",3,0,0,0,0,0,5.11428571428571,3,4.925,5.4,0,0,0,0,0,0,0,0,0,0,0,0,0,0,0,0,0,0,0,0
25,"Daman & Diu",1,0,0,5.6125,4.3,4.47272727272727,11.2083333333333,9.94166666666667,4.4,3.8,0,0,0,0,0,0,0,0,0,0,0,10.8125,10.2394230769231,7.27313432835821,7.17708333333333,7.49099099099099,7.62894736842105,0,0,14.4545454545455
26,"Daman & Diu",2,0,0,6.34117647058823,4.07083333333333,3.82727272727273,6.58823529411765,6.37142857142857,4.6,0,0,0,0,0,0,0,0,0,0,0,0,13.7875,9.30980392156863,0,0,0,0,0,0,0
27,"Daman & Diu",3,0,0,0,0,0,0,0,0,0,0,0,0,0,0,0,0,0,0,0,0,0,0,0,0,0,0,0,0,0
28,"Delhi",1,18.55,6.57857142857143,0,14.8789473684211,18.0847457627119,21.9294117647059,19.5363636363636,24.0652173913044,22.285,18.2813559322034,18.165,17.3762711864407,17.6133333333333,15.8016666666667,13.1283018867925,10.6391304347826,9.76229508196721,0,10.7348416289593,10.4376344086022,7.13301886792453,8.01224489795919,6.56286919831224,0,6.80487804878049,10.5520833333333,5.275,4.8130081300813,5.864
29,"Delhi",2,8.875,4.42222222222222,0,15.3682926829268,21.8260869565217,18.145,17.485,25.7974358974359,24.1583333333333,16.7,14.2770833333333,13.3869565217391,16.9854166666667,14.2,12.6630434782609,10.7916666666667,9.27596439169139,0,7.5484375,8.84146341463414,5.56968911917098,5.55574468085106,5.54539614561028,0,4.53877551020408,5.890625,4.15706806282722,5.30227743271222,5.37651821862348
30,"Delhi",3,0,0,0,0,0,0,0,0,0,0,0,0,0,0,0,0,0,0,0,0,0,0,0,0,0,0,0,0,0
31,"Goa",1,1.42222222222222,5.01666666666667,4.39090909090909,6.28333333333333,6.54166666666667,2.68181818181818,0,0,0,0,0,0,0,0,0,0,0,2.91428571428571,1.29423076923077,1.23605769230769,0.718446601941747,1.02222222222222,2.82929292929293,3.80788177339901,4.15882352941177,7.17647058823529,6.55128205128205,3.38805970149254,5
32,"Goa",2,0,0,0,0,0,0,0,0,0,0,0,0,0,0,0,0,0,2.43980582524272,1.72647058823529,1.09047619047619,0.456435643564356,0.78,1.83428571428571,2.39047619047619,9.62158647594278,5.31428571428571,6.87274096385542,3.04878048780488,4.20867614061331
33,"Goa",3,3.98888888888889,4.93333333333333,0,0,0,0,16.2,25.2125,81.1,65.5666666666667,74.8,55.9,28.36,50.6166666666667,46.0272727272727,28.2,0,0,0,0,0,0,0,0,0,0,0,0,0
34,"Gujarat",1,23.4,25.2342857142857,25.3070422535211,21.8434782608696,20.72875,21.587037037037,27.8954545454545,37.8512820512821,47.6833333333333,42.09,25.1307692307692,16.625,33.4037037037037,9.075,11.1583333333333,19.4055555555556,0,19.6041375150784,18.8909090909091,18.4723404255319,19.5590964590964,16.5252964426878,18.2336349924585,18.0458970792768,17.6643356643357,18.3854166666667,13.9138576779026,14.9332503320518,15.1151603498542
35,"Gujarat",2,14.1348837209302,13.9965517241379,21.3402597402597,14.3480392156863,20.0818181818182,18.2712643678161,29.0742574257426,42.475,56.1574074074074,47.3443396226415,21.5155555555556,9.43333333333333,22.9586956521739,8.175,9.8625,12.1063492063492,0,17.2821314102564,15.8383592017738,14.8184123484013,13.9990072202166,12.7297942386831,14.8610154905336,13.9919419822724,13.2730236348818,13.3586497890295,12.0711382113821,13.8401912902198,13.0379746835443
36,"Gujarat",3,0,0,0,0,39.7615384615385,33.245,2.38333333333333,15.4540540540541,36.9307692307692,29.01875,14.01,7.17083333333333,35.92,9.24583333333333,7.8,11.5323529411765,0,0,0,0,0,0,0,0,0,0,0,0,0
37,"Haryana",1,45.55,34.1416666666667,30.1363636363636,30.9583333333333,32.0307692307692,25.3818181818182,27.2,31.1,36.5363636363636,32.5,31.2705882352941,33.2909090909091,11.725,22.8307692307692,22.6458333333333,20.9916666666667,0,16.8646706586826,12.6762962962963,12.6608,10.827027027027,13.9405405405405,10.5268292682927,16.3851351351351,19.4206896551724,10.3063063063063,13.6071428571429,14.5486725663717,16.6176470588235
38,"Haryana",2,42.2,32.2833333333333,30.65,30.5583333333333,28.1,38.1416666666667,39.25,36.4916666666667,35.9333333333333,33.7833333333333,0,0,35.9,36.6,23.2583333333333,12.8583333333333,0,7.5075,3.53020833333333,8.33136531365314,5.73351955307263,5.06641221374046,0,13.4776785714286,10.8915254237288,9.34444444444444,10.7543859649123,11.6725663716814,14.2727272727273
39,"Haryana",3,0,0,0,0,0,0,0,0,0,0,0,0,0,0,0,0,0,0,0,0,0,0,0,0,0,0,0,0,0
40,"Himachal Pradesh",1,0,0,0,2.97931034482759,0.738235294117647,0.719354838709677,0,0,0.133333333333333,0.213888888888889,0.179411764705882,0.105714285714286,0.266666666666667,0.936111111111111,2.79444444444444,2.58611111111111,0,2.67253521126761,1.03498452012384,1.67261306532664,1.01239954075775,0.90724450194049,1.89495912806539,3.15514333895447,1.97055057618438,1.51401869158878,1.80986762936221,2.27982326951399,2.349376114082
41,"Himachal Pradesh",2,0,0.133333333333333,2.85454545454545,3.10434782608696,2.4125,2.26190476190476,0,0,1.09024390243902,1.06666666666667,2.65869565217391,2.62380952380952,1.18958333333333,1.39791666666667,3.57083333333333,4.15,0,3.71703296703297,3.54294871794872,2.77025547445256,0.810460251046025,0.671080669710806,1.45424528301887,2.36761487964989,1.92506631299735,1.70850536746491,1.96531027371597,2.00416666666667,2.09857076350127
42,"Himachal Pradesh",3,0,0.133333333333333,2.24545454545455,3.15833333333333,3.575,6.07,0,0,3.44,2.24166666666667,6.125,1.7,3.41666666666667,1.925,3.00833333333333,3.70833333333333,0,3.62666666666667,0.565217391304348,2.9327868852459,2.32448979591837,1.54822695035461,1.36888888888889,2.58273381294964,2.25984251968504,1.64492753623188,1.23971631205674,1.79508196721311,3.31381084657143
43,"Jammu & Kashmir",1,0,0,0,0,0,0,0,0,0,0,0,0,0,0,0,0,0,0,0,0,0,0,14.35,10.1224489795918,8.26315789473684,5.42253521126761,15.9756097560976,6.72413793103448,4.29213483146067
44,"Jammu & Kashmir",2,0,0,0,0,0,0,0,0,0,0,0,0,0,0,0,0,0,0,0,0,0,0,5.69846153846154,5.42045454545455,4.02272727272727,5.59574468085106,13.2704402515723,4.7479674796748,3.11475409836066
45,"Jammu & Kashmir",3,0,0,0,0,0,0,0,0,0,0,0,0,0,0,0,0,0,0,0,0,0,0,0,0,0,0,0,0,0
46,"Jharkhand",1,0,0,0,0,0,0,0,0,0,0,0,0,0,0,0,0,0,30.8079113924051,29.1070588235294,33.7973913043478,28.3729381443299,29.1565349544073,27.2583569405099,23.0102295237905,22.8398510242086,24.583864118896,22.2727272727273,13.294930875576,18.3033707865169
47,"Jharkhand",2,0,0,0,0,0,0,0,0,0,0,0,0,0,0,0,0,0,12.421875,15.955,20.9,19.8186868686869,17.884,16.7840336134454,23.087786259542,17.049504950495,16.8860103626943,17.1393961536923,14.6436781609195,20.6691729323308
48,"Jharkhand",3,0,0,0,0,0,0,0,0,0,0,0,0,0,0,0,0,0,0,0,0,0,0,0,0,0,0,0,0,0
49,"Karnataka",1,16.6578947368421,24.06,20.4,19.9327586206897,17.5,16.2571428571429,24.0416666666667,25.5458333333333,15.3729166666667,30.7617647058823,29.504347826087,33.2166666666667,32.8195652173913,24.7276595744681,20.7272727272727,17.3229166666667,0,9.60079051383399,10.53756432247,11.7101529902643,11.6109803921569,10.6177835051546,10.6830609212482,0,10.707198183766,12.458164556962,8.55578512396694,8.13604766633565,5.0733137829912
50,"Karnataka",2,19.9666666666667,24.58,18.4575757575758,17.4090909090909,14.8166666666667,0,0,0,0,22.525,29.0833333333333,41.2916666666667,43.3166666666667,24.1416666666667,21.1583333333333,11.0666666666667,0,8.42560553633218,5.00448717948718,6.41637554585154,8.77043795620438,7.74444444444445,7.88304721030044,0,10.9248120300752,11.9915960099751,8.60291438979964,8.50890346766635,6.00875656742557
51,"Karnataka",3,0,0,0,0,0,0,0,0,0,0,0,0,0,0,0,0,0,7.51515151515152,8.14059405940594,14.7775,16.7706349206349,15.0855769230769,14.3905882352941,0,7.90909090909091,7.99360902255639,8.26086956521739,8.13754646840149,4.38325991189427
52,"Kerala",1,0,0.379411764705882,4.634,6.55925925925926,4.11184210526316,3.78214285714286,7.18813559322034,13.1633333333333,8.88333333333333,6.81551724137931,7.52,7.32586206896552,11.096875,20.2930555555556,13.165671641791,10.2544117647059,0,0,7.99020618556701,8.76828885400314,6.16511936339523,4.8567489114659,4.09985935302391,4.19045439469353,4.11198501872659,4.32578992314261,4.3275,4.55204778156997,4.13407344150299
53,"Kerala",2,0,0,0,8.0625,7.90833333333333,10.0611111111111,8.87352941176471,6.6,7.29722222222222,5.37777777777778,6.88055555555556,7.86857142857143,10.3166666666667,7.46944444444444,7.67222222222222,8.48611111111111,0,0,4.73825665859565,4.71382636655949,3.8194976076555,4.76324884792627,4.83644067796611,4.26155045871926,3.79166029074216,3.62340145023072,3.38514925373135,3.80942028985507,3.62537313432836
54,"Kerala",3,0,1.12222222222222,5.425,0,4.23636363636364,9.36271186440678,10.9610169491525,13.68,12.8135593220339,11.5816666666667,12.7084745762712,8.98333333333333,11.4589285714286,10.1648148148148,7.72586206896552,8.155,0,0,0,0,0,0,0,6.45472222222222,9.06993006993007,4.22017937219731,4.36,4.36521739130435,4.71491228070175
55,"Lakshadweep",1,0,0,0,0,0,0,0,0,0,0,0,0,0,0,0,0,0,0,0,0,0,0,0,0,0,0,0,0,0
56,"Lakshadweep",2,0,0,0,0,0,0,0,0,0,0,0,0,0,0,0,0,0,0,0,0,0,0,0,0,0,0,0,0,0
57,"Lakshadweep",3,0,0,0,0,0,0,0,0,0,0,0,0,0,0,0,0,0,0,0,0,0,0,0,0,0,0,0,0,0
58,"Madhya Pradesh",1,0,12.18,22.83,17.6178571428571,15.5788461538462,14.4547169811321,24.8333333333333,19.3516129032258,27.62,27.8617021276596,29.9833333333333,25.7617021276596,17.52,29.0652173913043,27.4785714285714,16.9895833333333,0,10.281976744186,12.5850961538462,12.0723076923077,12.041127348643,13.2564485981308,11.2637440758294,12.3307160493827,15.1243975903614,16.4458100558659,12.9612,12.4194915254237,11.3179384203481
59,"Madhya Pradesh",2,0,15.4,15.4758620689655,12.922641509434,11.9565656565657,11.1674418604651,15.3272727272727,10.2186440677966,14.9647058823529,14.0475609756098,16.552380952381,16.3301204819277,15.2735294117647,18.8855421686747,18.0207792207792,12.12875,0,7.17846481876333,7.15153846153846,8.32469512195122,6.31999999999999,7.14830917874396,7.64772507260407,10.2257781007752,10.304,10.7128263337117,9.00716450216451,8.78665496049166,8.35927272727273
60,"Madhya Pradesh",3,0,0,0,0,0,25.2727272727273,12.5676470588235,11.7285714285714,12.175,13.8425,10,10.8361111111111,11.06,11.4333333333333,9.46111111111111,8.26944444444444,0,0,0,16.3,12.4473684210526,10.0195402298851,8.35104166666667,10.635593220339,16.5,11.3513888888889,10.4506493506494,12.2207792207792,12.5952380952381
61,"Maharashtra",1,10.075,8.85,10.15,20.608,15.4985714285714,17.1809523809524,15.9125,20.409756097561,21.6292682926829,20.3338028169014,26.0693181818182,26.8966666666667,22.5009523809524,24.2074074074074,22.5009900990099,20.987037037037,5.90588235294118,16.110684039088,21.8625609756097,21.6575809199318,21.0670625,20.0519644180874,17.585071942446,20.098023504291,19.6627043090639,19.7611317254174,18.6095100864553,21.3028541226216,17.2473367299676
62,"Maharashtra",2,2.93333333333333,5.49166666666667,9.01,14.2088607594937,13.2974358974359,12.8740740740741,12.6053571428571,13.5898305084746,14.1847222222222,14.5854166666667,20.1791666666667,18.5777777777778,17.2321428571429,14.7442857142857,16.3444444444444,14.6576388888889,5.76966292134831,16.4358933333333,15.1871814092954,15.2556407447973,15.0642386671833,14.9458782742681,13.2253429878049,15.8847381602927,16.425702811245,15.6253693541579,15.8035754189944,16.9600811907984,14.6621621621622
63,"Maharashtra",3,4.4,0,0,0,0,14.7,24.43,18.2340909090909,23.6833333333333,23.55,30.1275862068965,41.6305555555556,33.4878048780488,30.441935483871,35.1944444444444,35.26,0,0,8.25714285714286,4.49888888888889,4.05555555555556,6.82526315789474,6.1039603960396,6.03,7.75961538461539,8.76923076923077,9.39795918367347,9.98969072164948,10.8383838383838
64,"Manipur",1,0,0,0,0,0,0,0,0,0,0,0,0,0,0,0,0,0,0,0,0,0,0,0,0,0,0,0,0,0
65,"Manipur",2,0,0,0,0,0,0,0,0,0,0,0,0,0,0,0,0,0,0,0,0,1.12857142857143,1.715,0,0,0,0,0,0,0
66,"Manipur",3,0,0,0,0,0,0,0,0,0,0,0,0,0,0,0,0,0,0,0,0,0,0,0,0,0,0,0,0,0
67,"Meghalaya",1,0,0,0,0,0,0,0,0,0,0,0,0,0,0,0,0,0,0,0,0,0,0,0,83.0147509568965,73.5353535353535,34.9277108433735,21.5242718446602,26.3285714285714,13.7279411764706
68,"Meghalaya",2,0,0,0,0,0,0,0,0,0,0,0,0,0,0,0,0,0,3.065,0,1.00267857142857,1.50434782608696,0.130177514792899,0.0465116279069767,2.31759259260256,2.62933333333333,2.2046783625731,2.26432532347505,2.08905380333952,2.015
69,"Meghalaya",3,0,0,0,0,2.6625,0,0,0,0,0,6.29166666666667,0.916666666666667,0.925,0.985714285714286,3.54583333333333,3.94,0,0,0,0,0,0,0,0,0,0,0,0,0
70,"Mizoram",1,0,0,0,0,0,0,0,0,0,0,0,0,0,0,0,0,0,0,0,0,0,0,0,0,0,0,0,0,0
71,"Mizoram",2,0,0,0,0,0,0,0,0,0,0,0,0,0,0,0,0,0,0,0,0.952313167259787,0.0360544217687075,0,0,2,2,2,2.12178000581168,2.04152046783596,2.03727272727273
72,"Mizoram",3,0,0,0,0,0,0,0,0,0,0,0,0,0,0,0,0,0,0,0,0,0,0,0,0,0,0,0,0,0
73,"Nagaland",1,0,0,0,0,0,0,0,0,0,0,0,0,0,0,0,0,0,0,0,0,0,0,0,0,0,0,0,0,0
74,"Nagaland",2,0,0,0,0,0,0,0,0,0,0,0,0,0,0,0,0,0,0,0,0.823584905660377,0.555288461538462,0.024537037037037,0.0411111111111111,2,2,0,1.99497487437186,0,2
75,"Nagaland",3,0,0,0,0,0,0,0,0,0,0,0,0,0,0,0,0,0,0,0,0,0,0,0,0,0,0,0,0,0
76,"Odisha",1,0,8.86666666666667,11.94,7.15833333333333,6.03636363636364,17.18,12.4333333333333,5.48333333333333,4.025,10.6,3.6,9.76,3.41666666666667,5.53,6.65833333333333,9.54166666666667,0,4.27492113564669,4.728125,6.34033149171271,6.79429280397022,8.26067961165048,7.89758064516129,7.50955111104799,0,6.0498687664042,7.31048387096774,7.45945945945946,6.58803986710963
77,"Odisha",2,0,4.50909090909091,9.46363636363636,7.28888888888889,2.975,18.1583333333333,17.7545454545455,0,8.65,15.4,3.20833333333333,9.96,5,5.59166666666667,10.7166666666667,16,0,2.72276515151515,2.24240121580547,2.22908560311284,1.98061142397425,2.0500417710944,2.18744588744589,3.19976839636588,2.15273775216138,3.37256281407035,3.11003627569528,4.0436341900777,4.38379888268156
78,"Odisha",3,0,0,0,0,0,12.3166666666667,25.424,22.2296296296296,21.8071428571429,12.4654545454545,15.82,19.2452830188679,11.9866666666667,12.535,8.66666666666666,9.57966101694915,0,0,0,0,0,0,0,0,0,0,0,0,0
79,"Puducherry",1,0,21.72,18.5363636363636,22.9181818181818,18.47,0,31.05,52.6416666666667,82.2916666666667,91.1416666666667,111.966666666667,113.766666666667,96.5777777777778,37.6,11.6545454545455,18.2333333333333,0,24.2164948453608,21.4426966292135,13.1073684210526,3.79183673469388,5.23088235294118,3.3,6.43573170739024,7.40845070422535,8.06818181818182,6.51063829787234,10.2408759124088,11.0060975609756
80,"Puducherry",2,0,5.55384615384615,3.23636363636364,3.51818181818182,5.31,0,11.3958333333333,15.6208333333333,27.6083333333333,32.225,31.325,30.5809523809524,17.1952380952381,17.7166666666667,9.05,15.1875,0,21.186170212766,12.8172972972973,7.47914438502674,3.2247572815534,3.45705882352941,2.54047619047619,5.54147398845087,6.61375,7.17204301075269,5.2568306010929,8.24242424242424,8.86111111111111
81,"Puducherry",3,0,0,0,0,0,0,0,0,0,0,0,0,0,0,0,0,0,0,0,0,0,0,0,0,0,0,0,0,0
82,"Punjab",1,0,3.33157894736842,0.49,12.4166666666667,24.9333333333333,19.8666666666667,0,0,0,16.4027777777778,19.6882352941176,0,19.3125,12.0138888888889,11.9361111111111,11.1384615384615,11.1034482758621,14.4340425531915,17.0625267665953,12.7779220779221,11.5405381944444,10.1549283154122,8.98386363636365,10.622458857696,10.4185332011893,10.0683229813665,9.67985074626866,8.63101604278075,8.80601741884402
83,"Punjab",2,0,4.73636363636364,0.5,13.5695652173913,16.3333333333333,18.06,0,0,0,15.8545454545455,19.0409090909091,0,19.4869565217391,12.3833333333333,12.0833333333333,11.0285714285714,12.3883495145631,14.5809523809524,13.1616099071207,11.5583170254403,10.1900722021661,9.87751091703056,9.55039370078739,10.2260416666667,9.93082133784926,8.99628252788104,8.78838174273859,8.2734375,6.34079283887468
84,"Punjab",3,0,0,0,0,17.6,33.1814814814815,0,0,4.08387096774194,16.0964285714286,23.1125,0,22.6833333333333,21.4166666666667,19.5111111111111,12.6583333333333,0,0,0,0,0,0,0,0,0,0,0,0,0
85,"Rajasthan",1,9.28636363636364,34.9363636363636,15.545,13.3638888888889,13.6971428571429,13.056,10.3208333333333,7.73913043478261,17.1411764705882,14.8152542372881,11.6936170212766,15.7460317460317,16.1023255813953,14.5151515151515,11.2537037037037,11.3142857142857,10.6041666666667,6.95246800731261,8.28702928870292,7.95236220472442,7.79205548549813,7.40683760683762,6.64835443037974,7.60224263035102,7.79776847977685,9.15044701986755,7.83016476552598,8.47073577809591,7.49088699878493
86,"Rajasthan",2,6.36842105263158,24.4272727272727,17.1888888888889,10.0416666666667,10.3309523809524,11.7833333333333,8.98055555555556,7.70555555555556,15.0666666666667,12.4770114942529,9.26388888888889,9.939,12.2938461538461,12.574,7.48541666666666,7.696,10.2239583333333,6.13816534541336,6.99954751131222,6.11250000000001,6.23079268292683,6.39344750558452,5.83606687898088,6.2228152980307,6.3596837944664,7.91666666666667,6.42035742035742,6.71671388101983,6.51002227171492
87,"Rajasthan",3,5.95,28.6818181818182,3.9,13.8083333333333,12.1833333333333,17.8185185185185,23.8971428571429,23.0894736842105,22.8703703703704,22.0203389830509,15.94,16.645,14.1744680851064,17.1321428571429,16.1694915254237,15.5672413793103,0,0,0,0,0,0,0,0,0,0,0,0,0
88,"Sikkim",1,0,0,0,0,0,0,0,0,0,0,0,0,0,0,0,0,0,0,0,0,0,0,0,0,0,0,0,0,0
89,"Sikkim",2,0,0,0,0,0,0,0,0,0,0,0,0,0,0,0,0,0,0,0,0,19.8,0,0,0,0,0,0,0,0
90,"Sikkim",3,0,0,0,0,0,0,0,0,0,0,0,0,0,0,0,0,0,0,0,0,0,0,0,0,0,0,0,0,0
91,"Tamil Nadu",1,21.1857142857143,19.1151515151515,21.0896551724138,27.3,19.1681818181818,13.8466666666667,10.225,11.1708860759494,22.7036363636364,7.27407407407408,16.23125,10.9142857142857,11.1421052631579,12.4333333333333,17.3631578947368,25.515,0,7.0577659574468,12.2024844720497,13.3414715719064,13.6720967741935,12.3846737481032,11.5098712446352,9.77722014927463,13.8499257057949,12.1560178306092,12.6331811263318,10.8266360505166,10.8146143437077
92,"Tamil Nadu",2,11.3,7.75666666666667,12.0129032258065,11.4631578947368,8.94210526315789,6.70714285714286,8.5125,7.645,5.47714285714286,7.7,6.57777777777778,6.69333333333333,3.4,5.81224489795918,5.14029850746269,5.78888888888889,0,5.82233516483517,10.010582010582,10.8116438356164,12.6201550387597,11.7101809954751,9.65358851674641,7.42709650235652,7.52232142857143,9.02544769085768,11.2172670097198,11.7335657370518,10.4382597568778
93,"Tamil Nadu",3,0,0,0,0,5.85,0,0,5.05,6.48947368421053,4.81960784313725,9.96833333333333,11.7418604651163,6.04912280701754,12.608,2.175,9.76964285714286,0,0,0,0,0,0,0,0,0,0,0,0,0
94,"Telangana",1,0,0,0,0,0,0,0,0,0,0,0,0,0,0,0,0,0,0,0,0,0,0,0,0,0,0,0,6.06966666666667,5.77428571428571
95,"Telangana",2,0,0,0,0,0,0,0,0,0,0,0,0,0,0,0,0,0,0,0,0,0,0,0,0,0,0,0,5.03917525773196,5.15236051502146
96,"Telangana",3,0,0,0,0,0,0,0,0,0,0,0,0,0,0,0,0,0,0,0,0,0,0,0,0,0,0,0,4.16981132075472,4.81481481481481
97,"Tripura",1,0,0,0,0,0,0,0,0,0,0,0,0,0,0,0,0,0,0,0,0,0,0,0,0,0,0,0,0,0
98,"Tripura",2,0,0,0,0,0,0,0,0,0,0,0,0,0,0,0,0,0,0,0,0,0,0,0,0,0,0,0,0,0
99,"Tripura",3,0,0,0,0,0,0,0,0,0,0,0,0,0,0,0,0,0,0,0,0,0,0,0,0,0,0,0,0,0
100,"Uttar Pradesh",1,19.368,24.8545454545455,33.7139534883721,27.7,29.0475409836066,9.25714285714286,41.606,29.9487179487179,23.7785714285714,30.2426229508197,26.1298701298701,27.5623376623377,25.7673913043478,28.25375,27.46,21.4294871794872,0,17.0166112956811,15.2755128205128,15.8187872763419,17.7494053064958,15.6326617179215,16.3988916256157,16.6021615788372,17.3232159847764,18.0443703007519,14.6228813559322,15.0963405797101,15.1454396055875
101,"Uttar Pradesh",2,8.66818181818182,15.1411764705882,14.8548387096774,15.4115942028986,12.419696969697,7.83,29.4321428571429,21.3130434782609,11.7947368421053,14.8882352941176,12.6235294117647,12.7205882352941,14.0521739130435,15.3823529411765,18.1159420289855,11.6611940298507,0,14.2053097345133,10.9709514170041,10.0947206875384,10.8928461931528,10.8085189309577,8.96042356055592,10.0623889482039,10.1116331943918,10.5018300929839,9.71270280965572,10.0439130434783,9.83012134189864
102,"Uttar Pradesh",3,11.6666666666667,10.99,11.364,16.1666666666667,17.1647058823529,7.13333333333333,14.6036144578313,19.15,19.95,24.9254901960784,14.0921348314607,20.6708333333333,16.0116883116883,22.1636363636364,15.27375,12.835,0,0,6.50766283524904,3.42327272727272,2.73524904214559,3.71771217712177,2.99046793760832,0,2.90938511326861,0,2.71494252873563,2.89352517985612,2.4789391575663
103,"Uttarakhand",1,0,0,0,0,0,0,0,0,0,0,0,0,0,0,0,0,0,0,0,0,0,0,0,15.9548333333333,13.116,26.4358974358974,14.5875912408759,0,14.2009132420091
104,"Uttarakhand",2,0,0,0,0,0,0,0,0,0,0,0,0,0,0,0,0,0,11.9047619047619,0,0,0,0,0,18.7156,10.21484375,26.1150442477876,11.9338235294118,0,12.8716577540107
105,"Uttarakhand",3,0,0,0,0,0,0,0,0,0,0,0,0,0,0,0,0,0,0,0,0,0,0,0,0,0,0,0,0,0
106,"Uttaranchal",1,0,0,0,0,0,0,0,0,0,0,0,0,0,0,0,0,0,0,0,0,19.7857142857143,20.1230769230769,0,0,0,0,0,0,0
107,"Uttaranchal",2,0,0,0,0,0,0,0,0,0,0,0,0,0,0,0,0,0,0,18.2379310344828,23.8579545454545,24.4082191780822,27.3641025641026,0,0,0,0,0,0,0
108,"Uttaranchal",3,0,0,0,0,0,0,0,0,0,0,0,0,0,0,0,0,0,0,0,0,0,0,0,0,0,0,0,0,0
109,"West Bengal",1,31.095652173913,47.9416666666667,46.0275,41.6532258064516,47.8676923076923,23.9135135135135,68.6464788732395,57.7628571428572,58.69,4.5015873015873,68.35,40.58125,64.9333333333333,22.4543859649123,14.1246376811594,10.1569444444444,0,1.32413793103448,9.27366609294321,8.17437238493724,8.34356136820926,9.46146788990825,12.8499085923218,10.2857577073382,20.9797887000459,29.6981927710843,11.6529054054054,9.00738007380074,8.00984009840098
110,"West Bengal",2,1.38181818181818,0,0,29.0333333333333,55.6545454545455,37.8428571428571,34.7176470588235,31.4285714285714,29.5,20.45,24.95,30.5,31.7083333333333,13.5375,15.5125,10.5208333333333,0,4.27819548872181,9.67373737373737,6.52214912280702,6.2907894736842,7.4928746928747,11.1714601769912,8.5856103476152,10.8697604790419,53.4937888198758,9.46014005602241,7.11446540880503,6.24799081515499
111,"West Bengal",3,0,0,0,0,0,0,0,0,0,0,0,0,0,0,0,0,0,0,0,0,0,0,0,0,0,0,0,0,0
